venue,batting_team,strikerate_20,avg_runs_20,min_runs_20,max_runs_20,avg_wickets_20,min_wickets_20,max_wickets_20,avg_runs_6,min_runs_6,max_runs_6,avg_wickets_6,min_wickets_6,max_wickets_6
Arun Jaitley Stadium,Delhi Capitals,137.85999999999996,169.22222222222223,124,215,5.222222222222222,4,8,45.44444444444444,35,62,1.3333333333333333,0,2
Arun Jaitley Stadium,Kolkata Knight Riders,142.9600000000001,177.0,177,177,8.0,8,8,35.0,35,35,2.0,2,2
Arun Jaitley Stadium,Mumbai Indians,130.93000000000015,162.0,162,162,5.0,5,5,55.0,55,55,0.0,0,0
Arun Jaitley Stadium,Punjab Kings,117.07999999999984,143.5,129,158,7.5,7,8,50.0,50,50,2.0,2,2
Arun Jaitley Stadium,Rajasthan Royals,83.91000000000004,106.0,106,106,9.0,9,9,29.0,29,29,4.0,4,4
Arun Jaitley Stadium,Chennai Super Kings,110.73999999999981,134.0,126,142,5.0,4,6,48.5,43,54,0.5,0,1
Arun Jaitley Stadium,Delhi Capitals,118.46000000000015,140.4,116,181,6.6,5,9,47.6,42,60,1.4,0,3
Arun Jaitley Stadium,Kolkata Knight Riders,129.96000000000006,160.0,160,160,9.0,9,9,51.0,51,51,4.0,4,4
Arun Jaitley Stadium,Mumbai Indians,127.9199999999999,156.0,156,156,10.0,10,10,55.0,55,55,1.0,1,1
Arun Jaitley Stadium,Rajasthan Royals,189.21000000000004,142.0,142,142,5.0,5,5,77.0,77,77,0.0,0,0
Arun Jaitley Stadium,Royal Challengers Bangalore,141.41999999999976,171.0,166,176,6.0,5,7,57.5,53,62,1.5,1,2
Arun Jaitley Stadium,Sunrisers Hyderabad,135.5399999999999,154.5,120,189,3.0,1,5,51.5,50,53,0.5,0,1
Arun Jaitley Stadium,Delhi Capitals,166.67000000000002,10.0,10,10,1.0,1,1,10.0,10,10,1.0,1,1
Arun Jaitley Stadium,Kolkata Knight Riders,116.68,7.0,7,7,1.0,1,1,7.0,7,7,1.0,1,1
Barabati Stadium,Deccan Chargers,132.20000000000005,159.0,123,175,6.25,4,8,42.5,32,55,1.75,1,2
Barabati Stadium,Mumbai Indians,107.19999999999992,134.0,134,134,5.0,5,5,31.0,31,31,2.0,2,2
Barabati Stadium,Punjab Kings,147.8,183.0,145,221,6.0,4,8,40.0,34,46,2.0,2,2
Barabati Stadium,Chennai Super Kings,148.67000000000004,183.0,183,183,6.0,6,6,45.0,45,45,1.0,1,1
Barabati Stadium,Delhi Capitals,129.97999999999996,157.0,157,157,9.0,9,9,48.0,48,48,1.0,1,1
Barabati Stadium,Kolkata Knight Riders,115.1399999999999,133.33333333333334,118,145,3.3333333333333335,1,5,44.333333333333336,39,52,0.3333333333333333,0,1
Barabati Stadium,Pune Warriors,133.59999999999988,167.0,167,167,5.0,5,5,47.0,47,47,1.0,1,1
Barabati Stadium,Punjab Kings,124.63999999999994,152.0,152,152,8.0,8,8,25.0,25,25,3.0,3,3
Brabourne Stadium,Chennai Super Kings,127.81999999999994,166.0,166,166,2.0,2,2,46.0,46,46,2.0,2,2
Brabourne Stadium,Kolkata Knight Riders,110.87000000000012,140.0,140,140,3.0,3,3,32.0,32,32,0.0,0,0
Brabourne Stadium,Mumbai Indians,135.6800000000001,169.6,137,196,6.6,4,9,47.0,36,63,0.8,0,2
Brabourne Stadium,Punjab Kings,111.8700000000001,142.0,142,142,10.0,10,10,35.0,35,35,2.0,2,2
Brabourne Stadium,Rajasthan Royals,148.50999999999993,185.0,181,189,4.0,2,6,50.0,38,62,0.0,0,0
Brabourne Stadium,Sunrisers Hyderabad,147.39000000000004,186.0,186,186,4.0,4,4,47.0,47,47,1.0,1,1
Brabourne Stadium,Chennai Super Kings,141.56999999999985,167.0,167,167,3.0,3,3,58.0,58,58,0.0,0,0
Brabourne Stadium,Deccan Chargers,94.79999999999998,108.0,108,108,10.0,10,10,40.0,40,40,2.0,2,2
Brabourne Stadium,Delhi Capitals,117.41999999999983,148.0,136,160,7.0,7,7,57.0,50,64,1.5,1,2
Brabourne Stadium,Kolkata Knight Riders,122.65999999999997,164.0,164,164,9.0,9,9,38.0,38,38,2.0,2,2
Brabourne Stadium,Mumbai Indians,129.86000000000007,155.33333333333334,147,167,4.666666666666667,3,6,48.333333333333336,38,54,0.3333333333333333,0,1
Brabourne Stadium,Rajasthan Royals,158.93999999999986,195.0,187,203,7.0,7,7,37.5,36,39,2.0,2,2
Brabourne Stadium,Royal Challengers Bangalore,133.11000000000007,153.0,153,153,3.0,3,3,53.0,53,53,0.0,0,0
Buffalo Park,Chennai Super Kings,135.72000000000014,168.0,168,168,3.0,3,3,50.0,50,50,0.0,0,0
Buffalo Park,Mumbai Indians,92.82000000000005,119.0,103,135,8.0,6,10,29.5,25,34,2.5,2,3
Buffalo Park,Deccan Chargers,102.23999999999994,93.0,93,93,10.0,10,10,49.0,49,49,3.0,3,3
Buffalo Park,Delhi Capitals,95.51000000000003,112.0,112,112,3.0,3,3,32.0,32,32,0.0,0,0
Buffalo Park,Kolkata Knight Riders,103.23000000000012,131.0,131,131,6.0,6,6,25.0,25,25,2.0,2,2
De Beers Diamond Oval,Deccan Chargers,132.41999999999987,162.5,161,164,6.0,5,7,45.5,41,50,1.5,1,2
De Beers Diamond Oval,Rajasthan Royals,109.0599999999999,133.0,133,133,7.0,7,7,33.0,33,33,1.0,1,1
De Beers Diamond Oval,Chennai Super Kings,112.85000000000001,131.0,131,131,3.0,3,3,35.0,35,35,2.0,2,2
De Beers Diamond Oval,Punjab Kings,131.19999999999976,160.0,160,160,7.0,7,7,43.0,43,43,2.0,2,2
De Beers Diamond Oval,Rajasthan Royals,90.66999999999993,109.0,109,109,10.0,10,10,28.0,28,28,2.0,2,2
Dr DY Patil Sports Academy,Chennai Super Kings,118.53,146.33333333333334,126,157,5.666666666666667,5,7,37.0,33,40,1.3333333333333333,0,3
Dr DY Patil Sports Academy,Deccan Chargers,68.50000000000001,78.0,78,78,10.0,10,10,24.0,24,24,3.0,3,3
Dr DY Patil Sports Academy,Kochi Tuskers Kerala,111.29000000000005,137.0,137,137,8.0,8,8,37.0,37,37,4.0,4,4
Dr DY Patil Sports Academy,Kolkata Knight Riders,115.00000000000006,146.0,146,146,4.0,4,4,30.0,30,30,4.0,4,4
Dr DY Patil Sports Academy,Mumbai Indians,123.39000000000003,154.6,143,171,6.8,5,8,41.4,23,48,1.8,1,3
Dr DY Patil Sports Academy,Pune Warriors,111.48999999999991,138.5,106,179,6.75,5,9,40.25,27,59,2.0,1,3
Dr DY Patil Sports Academy,Punjab Kings,81.59999999999994,102.0,102,102,8.0,8,8,30.0,30,30,5.0,5,5
Dr DY Patil Sports Academy,Rajasthan Royals,93.13999999999996,96.0,96,96,10.0,10,10,48.0,48,48,2.0,2,2
Dr DY Patil Sports Academy,Chennai Super Kings,111.25000000000006,137.0,137,137,2.0,2,2,23.0,23,23,1.0,1,1
Dr DY Patil Sports Academy,Deccan Chargers,113.21999999999993,125.8,96,146,6.2,0,10,45.8,22,59,1.4,0,4
Dr DY Patil Sports Academy,Delhi Capitals,131.75,154.5,129,180,8.5,7,10,48.5,37,60,1.0,0,2
Dr DY Patil Sports Academy,Kolkata Knight Riders,110.59999999999994,114.0,114,114,3.0,3,3,42.0,42,42,1.0,1,1
Dr DY Patil Sports Academy,Mumbai Indians,101.22000000000003,113.0,92,134,6.0,3,9,30.5,30,31,0.5,0,1
Dr DY Patil Sports Academy,Pune Warriors,114.63,126.0,109,140,5.333333333333333,3,7,35.0,24,42,1.3333333333333333,1,2
Dr DY Patil Sports Academy,Rajasthan Royals,118.85000000000018,150.0,150,150,7.0,7,7,36.0,36,36,1.0,1,1
Dr DY Patil Sports Academy,Royal Challengers Bangalore,104.60999999999993,111.0,83,139,5.0,1,9,37.5,31,44,0.5,0,1
Dr. Y.S. Rajasekhara Reddy ACA-VDCA Cricket Stadium,Chennai Super Kings,143.31000000000006,182.0,182,182,6.0,6,6,43.0,43,43,2.0,2,2
Dr. Y.S. Rajasekhara Reddy ACA-VDCA Cricket Stadium,Deccan Chargers,107.99000000000007,133.0,133,133,9.0,9,9,45.0,45,45,2.0,2,2
Dr. Y.S. Rajasekhara Reddy ACA-VDCA Cricket Stadium,Delhi Capitals,112.32,138.66666666666666,119,158,6.333333333333333,4,9,34.666666666666664,28,40,1.6666666666666667,1,2
Dr. Y.S. Rajasekhara Reddy ACA-VDCA Cricket Stadium,Mumbai Indians,129.54999999999987,157.5,116,199,6.5,4,9,32.5,20,45,1.0,0,2
Dr. Y.S. Rajasekhara Reddy ACA-VDCA Cricket Stadium,Punjab Kings,136.45000000000005,168.0,168,168,7.0,7,7,48.0,48,48,0.0,0,0
Dr. Y.S. Rajasekhara Reddy ACA-VDCA Cricket Stadium,Sunrisers Hyderabad,120.13000000000005,149.8,121,172,5.6,3,8,42.0,32,54,1.0,0,3
Dr. Y.S. Rajasekhara Reddy ACA-VDCA Cricket Stadium,Chennai Super Kings,120.59,140.0,140,140,4.0,4,4,42.0,42,42,0.0,0,0
Dr. Y.S. Rajasekhara Reddy ACA-VDCA Cricket Stadium,Deccan Chargers,108.31999999999994,115.0,115,115,10.0,10,10,41.0,41,41,1.0,1,1
Dr. Y.S. Rajasekhara Reddy ACA-VDCA Cricket Stadium,Delhi Capitals,117.83000000000013,141.0,123,159,9.0,8,10,51.5,49,54,1.0,0,2
Dr. Y.S. Rajasekhara Reddy ACA-VDCA Cricket Stadium,Kolkata Knight Riders,132.40999999999994,98.0,98,98,4.0,4,4,46.0,46,46,2.0,2,2
Dr. Y.S. Rajasekhara Reddy ACA-VDCA Cricket Stadium,Mumbai Indians,100.53000000000002,112.0,86,138,7.5,5,10,30.5,29,32,3.5,2,5
Dr. Y.S. Rajasekhara Reddy ACA-VDCA Cricket Stadium,Punjab Kings,109.28999999999994,116.0,116,116,3.0,3,3,29.0,29,29,1.0,1,1
Dr. Y.S. Rajasekhara Reddy ACA-VDCA Cricket Stadium,Rajasthan Royals,100.19000000000008,124.0,124,124,4.0,4,4,32.0,32,32,0.0,0,0
Dr. Y.S. Rajasekhara Reddy ACA-VDCA Cricket Stadium,Rising Pune Supergiant,113.60000000000002,121.33333333333333,69,165,5.0,1,8,34.666666666666664,24,42,1.3333333333333333,1,2
Dr. Y.S. Rajasekhara Reddy ACA-VDCA Cricket Stadium,Sunrisers Hyderabad,131.60999999999996,159.0,159,159,8.0,8,8,46.0,46,46,0.0,0,0
Dubai International Cricket Stadium,Chennai Super Kings,115.93999999999986,144.5,127,162,6.0,6,6,46.0,42,50,1.5,1,2
Dubai International Cricket Stadium,Delhi Capitals,121.16999999999997,152.71428571428572,105,186,6.142857142857143,3,9,38.857142857142854,21,62,1.5714285714285714,0,3
Dubai International Cricket Stadium,Kolkata Knight Riders,133.79999999999993,167.25,152,184,5.75,5,7,40.0,21,53,1.0,0,2
Dubai International Cricket Stadium,Mumbai Indians,125.62000000000012,152.0,103,196,6.75,5,9,43.25,31,60,1.75,1,3
Dubai International Cricket Stadium,Punjab Kings,131.17,162.66666666666666,119,195,4.666666666666667,3,7,46.333333333333336,45,48,0.3333333333333333,0,1
Dubai International Cricket Stadium,Rajasthan Royals,126.46999999999994,159.0,151,167,6.0,6,6,47.0,46,48,1.0,1,1
Dubai International Cricket Stadium,Royal Challengers Bangalore,120.96000000000008,151.2,114,191,5.2,3,8,43.6,30,54,1.2,0,4
Dubai International Cricket Stadium,Sunrisers Hyderabad,138.85999999999999,173.66666666666666,154,208,3.8333333333333335,1,6,47.5,26,76,0.6666666666666666,0,2
Dubai International Cricket Stadium,Chennai Super Kings,122.19999999999995,145.85714285714286,126,170,4.142857142857143,0,8,40.0,25,54,1.1428571428571428,0,3
Dubai International Cricket Stadium,Delhi Capitals,119.83999999999992,147.25,122,174,7.0,4,10,41.0,30,47,2.0,0,4
Dubai International Cricket Stadium,Mumbai Indians,134.33999999999995,151.75,110,196,4.5,1,7,39.75,30,57,1.5,0,3
Dubai International Cricket Stadium,Punjab Kings,122.91000000000011,144.6,115,172,6.8,5,10,41.4,28,54,2.2,1,3
Dubai International Cricket Stadium,Rajasthan Royals,111.90000000000002,137.4,126,157,8.2,5,10,38.8,33,50,2.8,2,5
Dubai International Cricket Stadium,Royal Challengers Bangalore,107.37000000000012,126.5,100,166,6.25,3,10,36.75,30,44,2.5,1,3
Dubai International Cricket Stadium,Sunrisers Hyderabad,111.34000000000012,134.5,110,149,7.5,2,10,47.25,38,55,1.25,0,2
Dubai International Cricket Stadium,Mumbai Indians,100.01,6.0,6,6,1.0,1,1,6.0,6,6,1.0,1,1
Dubai International Cricket Stadium,Punjab Kings,77.77,3.5,2,5,2.0,2,2,3.5,2,5,2.0,2,2
Dubai International Cricket Stadium,Delhi Capitals,66.67,2.0,2,2,0.0,0,0,2.0,2,2,0.0,0,0
Dubai International Cricket Stadium,Mumbai Indians,83.35000000000001,5.0,5,5,1.0,1,1,5.0,5,5,1.0,1,1
Dubai International Cricket Stadium,Royal Challengers Bangalore,183.35000000000002,11.0,11,11,0.0,0,0,11.0,11,11,0.0,0,0
Dubai International Cricket Stadium,Mumbai Indians,112.5,9.0,9,9,1.0,1,1,9.0,9,9,1.0,1,1
Dubai International Cricket Stadium,Punjab Kings,375.0,15.0,15,15,0.0,0,0,15.0,15,15,0.0,0,0
Eden Gardens,Chennai Super Kings,119.16999999999999,147.0,108,170,5.0,3,9,39.0,12,61,1.8,1,4
Eden Gardens,Deccan Chargers,84.78999999999999,100.0,100,100,10.0,10,10,35.0,35,35,2.0,2,2
Eden Gardens,Delhi Capitals,101.44000000000005,120.66666666666667,86,153,8.666666666666666,6,10,40.666666666666664,33,47,2.3333333333333335,1,4
Eden Gardens,Kochi Tuskers Kerala,100.68000000000006,124.0,124,124,7.0,7,7,43.0,43,43,0.0,0,0
Eden Gardens,Kolkata Knight Riders,130.58000000000013,159.2439024390244,90,225,6.024390243902439,2,10,44.048780487804876,27,65,1.2682926829268293,0,4
Eden Gardens,Mumbai Indians,136.23,166.71428571428572,127,203,5.285714285714286,1,9,43.57142857142857,32,59,1.7142857142857142,1,3
Eden Gardens,Punjab Kings,116.77000000000001,145.83333333333334,113,174,6.833333333333333,5,9,39.0,22,47,1.1666666666666667,0,2
Eden Gardens,Rajasthan Royals,104.00000000000009,123.66666666666667,76,151,7.666666666666667,5,10,44.0,30,67,0.8333333333333334,0,2
Eden Gardens,Rising Pune Supergiant,89.94000000000005,97.0,97,97,6.0,6,6,35.0,35,35,2.0,2,2
Eden Gardens,Royal Challengers Bangalore,137.5800000000001,169.0,130,207,6.0,4,7,36.666666666666664,23,47,1.6666666666666667,1,3
Eden Gardens,Sunrisers Hyderabad,129.87,160.33333333333334,139,173,5.666666666666667,3,7,42.666666666666664,35,50,0.3333333333333333,0,1
Eden Gardens,Chennai Super Kings,114.10999999999996,125.66666666666667,51,160,5.5,0,9,36.5,25,50,1.3333333333333333,0,4
Eden Gardens,Deccan Chargers,118.3799999999999,147.5,145,150,6.5,5,8,42.5,29,56,1.5,1,2
Eden Gardens,Delhi Capitals,127.56000000000002,134.0,95,177,6.5,2,10,43.166666666666664,33,57,1.6666666666666667,0,4
Eden Gardens,Gujarat Lions,155.2100000000001,171.0,159,183,5.5,5,6,54.5,41,68,1.0,1,1
Eden Gardens,Kolkata Knight Riders,125.44999999999989,133.0,56,187,4.545454545454546,1,10,44.303030303030305,21,68,1.5454545454545454,0,3
Eden Gardens,Mumbai Indians,134.72000000000008,162.0,123,192,5.0,3,7,42.0,35,48,1.3333333333333333,0,3
Eden Gardens,Pune Warriors,105.3000000000001,133.0,133,133,8.0,8,8,41.0,41,41,2.0,2,2
Eden Gardens,Punjab Kings,141.14999999999992,156.4,124,199,4.8,1,9,51.8,29,72,1.6,0,3
Eden Gardens,Rajasthan Royals,132.81999999999985,152.66666666666666,143,172,5.0,4,7,49.0,42,55,1.6666666666666667,1,3
Eden Gardens,Rising Pune Supergiant,127.15999999999984,150.0,150,150,6.0,6,6,67.0,67,67,2.0,2,2
Eden Gardens,Royal Challengers Bangalore,129.20000000000005,139.57142857142858,42,183,4.857142857142857,1,10,41.42857142857143,33,62,1.5714285714285714,0,4
Eden Gardens,Sunrisers Hyderabad,108.19000000000001,133.6,120,148,7.0,5,9,39.6,31,47,1.2,0,3
Feroz Shah Kotla,Chennai Super Kings,122.98,151.66666666666666,104,191,4.333333333333333,1,8,40.0,36,46,1.0,0,2
Feroz Shah Kotla,Deccan Chargers,123.24000000000007,152.0,142,163,6.333333333333333,4,8,42.333333333333336,37,50,1.3333333333333333,1,2
Feroz Shah Kotla,Delhi Capitals,119.81,150.38235294117646,51,215,6.088235294117647,3,10,44.529411764705884,27,63,1.588235294117647,0,3
Feroz Shah Kotla,Gujarat Lions,142.8300000000001,176.33333333333334,157,203,6.666666666666667,6,7,54.666666666666664,35,71,1.3333333333333333,0,2
Feroz Shah Kotla,Kolkata Knight Riders,110.88000000000018,140.0,140,140,7.0,7,7,41.0,41,41,1.0,1,1
Feroz Shah Kotla,Mumbai Indians,142.81999999999994,179.75,158,201,5.5,3,8,49.0,24,62,0.75,0,2
Feroz Shah Kotla,Pune Warriors,136.29000000000002,177.0,177,177,3.0,3,3,49.0,49,49,1.0,1,1
Feroz Shah Kotla,Punjab Kings,94.70999999999997,116.33333333333333,107,132,8.333333333333334,8,9,35.333333333333336,25,44,2.3333333333333335,1,4
Feroz Shah Kotla,Rajasthan Royals,113.97999999999992,139.0,122,156,7.5,7,8,38.0,38,38,1.5,1,2
Feroz Shah Kotla,Royal Challengers Bangalore,144.8600000000001,180.33333333333334,152,211,3.6666666666666665,1,6,38.0,36,40,1.3333333333333333,1,2
Feroz Shah Kotla,Sunrisers Hyderabad,123.93,153.0,126,177,6.0,3,8,43.666666666666664,27,62,1.3333333333333333,1,2
Feroz Shah Kotla,Chennai Super Kings,143.09000000000017,175.66666666666666,170,180,4.333333333333333,2,6,52.666666666666664,45,58,0.3333333333333333,0,1
Feroz Shah Kotla,Deccan Chargers,146.77999999999977,179.0,179,179,9.0,9,9,68.0,68,68,1.0,1,1
Feroz Shah Kotla,Delhi Capitals,124.92000000000006,140.5909090909091,63,202,5.681818181818182,1,10,42.95454545454545,21,62,1.9545454545454546,0,5
Feroz Shah Kotla,Kochi Tuskers Kerala,121.76999999999988,123.0,123,123,3.0,3,3,54.0,54,54,1.0,1,1
Feroz Shah Kotla,Kolkata Knight Riders,118.55999999999992,141.14285714285714,126,158,6.142857142857143,2,10,43.857142857142854,33,59,1.5714285714285714,0,3
Feroz Shah Kotla,Mumbai Indians,115.74000000000017,137.2,88,166,7.4,2,10,44.8,26,53,1.6,1,3
Feroz Shah Kotla,Punjab Kings,125.18000000000002,132.16666666666666,90,197,5.333333333333333,3,9,50.5,37,71,1.6666666666666667,0,3
Feroz Shah Kotla,Rajasthan Royals,123.76000000000009,145.6,118,180,5.8,3,10,39.6,35,44,1.4,0,4
Feroz Shah Kotla,Rising Pune Supergiant,124.83999999999983,153.0,151,155,5.0,3,7,50.5,50,51,1.0,0,2
Feroz Shah Kotla,Royal Challengers Bangalore,128.52999999999997,138.5,97,169,5.25,0,9,48.75,36,57,1.25,0,3
Feroz Shah Kotla,Sunrisers Hyderabad,115.61,102.0,33,161,5.0,2,7,38.0,33,44,1.6666666666666667,1,2
Green Park,Gujarat Lions,136.83999999999975,166.0,148,184,7.5,5,10,53.0,46,60,1.0,0,2
Green Park,Kolkata Knight Riders,93.59999999999991,117.0,117,117,8.0,8,8,41.0,41,41,2.0,2,2
Green Park,Mumbai Indians,131.19999999999993,164.0,164,164,8.0,8,8,49.0,49,49,3.0,3,3
Green Park,Delhi Capitals,162.96000000000018,194.0,194,194,8.0,8,8,64.0,64,64,2.0,2,2
Green Park,Gujarat Lions,137.5,137.5,108,167,4.0,4,4,57.5,47,68,2.0,1,3
Green Park,Sunrisers Hyderabad,140.13999999999982,154.0,154,154,2.0,2,2,45.0,45,45,2.0,2,2
Himachal Pradesh Cricket Association Stadium,Chennai Super Kings,96.01999999999995,116.0,116,116,7.0,7,7,23.0,23,23,2.0,2,2
Himachal Pradesh Cricket Association Stadium,Deccan Chargers,147.81000000000006,182.0,182,182,2.0,2,2,51.0,51,51,0.0,0,0
Himachal Pradesh Cricket Association Stadium,Punjab Kings,135.51999999999998,170.0,133,205,4.857142857142857,2,8,35.714285714285715,15,51,1.4285714285714286,0,4
Himachal Pradesh Cricket Association Stadium,Chennai Super Kings,150.26000000000005,185.0,185,185,4.0,4,4,46.0,46,46,2.0,2,2
Himachal Pradesh Cricket Association Stadium,Deccan Chargers,135.29999999999984,165.0,165,165,5.0,5,5,42.0,42,42,1.0,1,1
Himachal Pradesh Cricket Association Stadium,Delhi Capitals,116.48000000000005,138.66666666666666,129,151,6.333333333333333,4,8,31.0,21,39,1.0,0,3
Himachal Pradesh Cricket Association Stadium,Mumbai Indians,105.13999999999992,124.0,124,124,9.0,9,9,48.0,48,48,2.0,2,2
Himachal Pradesh Cricket Association Stadium,Punjab Kings,105.80000000000007,115.0,112,118,7.0,4,10,41.5,39,44,1.0,0,2
Himachal Pradesh Cricket Association Stadium,Royal Challengers Bangalore,105.54999999999995,112.0,112,112,10.0,10,10,29.0,29,29,3.0,3,3
Holkar Cricket Stadium,Kochi Tuskers Kerala,120.39000000000003,155.0,155,155,7.0,7,7,49.0,49,49,0.0,0,0
Holkar Cricket Stadium,Kolkata Knight Riders,192.00000000000006,240.0,240,240,6.0,6,6,59.0,59,59,1.0,1,1
Holkar Cricket Stadium,Punjab Kings,125.31999999999984,144.33333333333334,83,186,6.666666666666667,4,10,46.0,45,47,1.3333333333333333,0,3
Holkar Cricket Stadium,Rajasthan Royals,101.86000000000001,119.0,94,144,9.5,9,10,35.0,31,39,2.5,2,3
Holkar Cricket Stadium,Rising Pune Supergiant,125.59999999999987,157.0,157,157,6.0,6,6,35.0,35,35,1.0,1,1
Holkar Cricket Stadium,Royal Challengers Bangalore,116.97000000000003,144.0,144,144,4.0,4,4,23.0,23,23,3.0,3,3
Holkar Cricket Stadium,Kochi Tuskers Kerala,185.38000000000005,89.0,89,89,2.0,2,2,79.0,79,79,2.0,2,2
Holkar Cricket Stadium,Mumbai Indians,168.82999999999993,180.5,170,191,3.0,2,4,58.0,38,78,1.0,1,1
Holkar Cricket Stadium,Punjab Kings,146.35999999999999,166.0,144,207,4.4,2,8,49.6,32,60,1.8,1,2
Holkar Cricket Stadium,Royal Challengers Bangalore,172.48,88.0,88,88,0.0,0,0,64.0,64,64,0.0,0,0
JSCA International Stadium Complex,Chennai Super Kings,130.19999999999982,150.33333333333334,132,177,3.3333333333333335,3,4,47.0,38,60,1.3333333333333333,1,2
JSCA International Stadium Complex,Pune Warriors,139.87999999999994,169.0,169,169,4.0,4,4,42.0,42,42,1.0,1,1
JSCA International Stadium Complex,Rajasthan Royals,110.47000000000006,136.0,136,136,8.0,8,8,36.0,36,36,0.0,0,0
JSCA International Stadium Complex,Royal Challengers Bangalore,99.50999999999996,122.0,112,132,8.5,8,9,25.0,21,29,1.5,1,2
JSCA International Stadium Complex,Chennai Super Kings,112.04999999999986,137.0,133,141,6.0,5,7,39.5,33,46,1.5,1,2
JSCA International Stadium Complex,Kolkata Knight Riders,106.90999999999988,123.0,110,148,7.0,5,9,28.0,18,37,3.0,2,4
JSCA International Stadium Complex,Royal Challengers Bangalore,105.77999999999999,129.0,129,129,5.0,5,5,17.0,17,17,1.0,1,1
JSCA International Stadium Complex,Sunrisers Hyderabad,152.28,184.0,184,184,4.0,4,4,63.0,63,63,0.0,0,0
Kingsmead,Chennai Super Kings,106.33999999999997,130.66666666666666,109,158,8.333333333333334,6,10,53.0,50,58,1.3333333333333333,1,2
Kingsmead,Deccan Chargers,123.19999999999986,154.0,154,154,9.0,9,9,50.0,50,50,0.0,0,0
Kingsmead,Delhi Capitals,140.86999999999995,174.5,161,188,6.0,5,7,55.5,52,59,1.5,1,2
Kingsmead,Kolkata Knight Riders,112.88999999999989,140.0,130,150,4.5,3,6,45.0,39,51,1.0,0,2
Kingsmead,Punjab Kings,98.50999999999988,124.0,102,146,7.0,6,8,35.0,24,46,1.5,1,2
Kingsmead,Rajasthan Royals,119.07000000000002,147.0,96,207,6.666666666666667,4,9,47.0,40,56,1.3333333333333333,0,4
Kingsmead,Royal Challengers Bangalore,120.6999999999999,149.5,139,160,9.0,9,9,42.5,37,48,2.5,2,3
Kingsmead,Chennai Super Kings,131.9999999999999,165.0,165,165,9.0,9,9,55.0,55,55,1.0,1,1
Kingsmead,Deccan Chargers,127.91999999999985,156.0,153,159,7.0,4,10,57.0,47,67,1.5,1,2
Kingsmead,Delhi Capitals,128.34,149.0,149,149,1.0,1,1,55.0,55,55,0.0,0,0
Kingsmead,Kolkata Knight Riders,96.12000000000002,86.0,75,97,3.5,1,6,42.0,28,56,2.0,1,3
Kingsmead,Mumbai Indians,97.36000000000007,124.33333333333333,105,143,8.0,7,10,29.333333333333332,20,43,2.3333333333333335,1,3
Kingsmead,Punjab Kings,97.80999999999992,121.0,86,160,6.5,3,8,30.0,24,34,1.25,0,4
Kingsmead,Royal Challengers Bangalore,105.2699999999999,129.0,124,134,6.5,5,8,35.5,30,41,1.5,0,3
M.Chinnaswamy Stadium,Chennai Super Kings,129.96999999999994,161.25,118,182,6.5,5,8,30.25,20,39,2.0,1,4
M.Chinnaswamy Stadium,Deccan Chargers,142.15000000000003,175.0,175,175,2.0,2,2,43.0,43,43,0.0,0,0
M.Chinnaswamy Stadium,Delhi Capitals,133.25999999999993,166.25,147,181,4.75,4,5,45.0,25,63,1.25,0,2
M.Chinnaswamy Stadium,Gujarat Lions,117.59999999999994,147.0,147,147,10.0,10,10,22.0,22,22,3.0,3,3
M.Chinnaswamy Stadium,Kochi Tuskers Kerala,89.37000000000002,115.0,115,115,9.0,9,9,48.0,48,48,1.0,1,1
M.Chinnaswamy Stadium,Kolkata Knight Riders,124.27000000000004,135.14285714285714,82,205,6.571428571428571,3,10,45.57142857142857,22,58,1.4285714285714286,0,3
M.Chinnaswamy Stadium,Mumbai Indians,143.5,181.66666666666666,176,192,6.333333333333333,4,8,41.0,31,52,0.6666666666666666,0,1
M.Chinnaswamy Stadium,Pune Warriors,142.13000000000002,175.0,175,175,6.0,6,6,56.0,56,56,0.0,0,0
M.Chinnaswamy Stadium,Punjab Kings,134.24000000000007,167.8,126,191,6.4,3,10,42.4,31,53,1.6,0,3
M.Chinnaswamy Stadium,Rajasthan Royals,120.08999999999995,148.5,85,203,6.5,2,10,37.25,27,48,1.0,0,2
M.Chinnaswamy Stadium,Rising Pune Supergiant,132.1,166.0,148,184,7.0,6,8,55.0,50,60,0.5,0,1
M.Chinnaswamy Stadium,Royal Challengers Bangalore,137.58000000000007,163.78571428571428,59,252,5.904761904761905,2,10,42.785714285714285,19,72,1.4285714285714286,0,7
M.Chinnaswamy Stadium,Sunrisers Hyderabad,125.92000000000007,157.4,121,194,6.6,6,7,44.0,29,56,1.0,0,2
M.Chinnaswamy Stadium,Chennai Super Kings,132.65000000000003,140.6,80,196,5.6,2,8,44.6,25,63,2.2,1,4
M.Chinnaswamy Stadium,Deccan Chargers,133.6999999999998,162.5,147,178,4.5,3,6,30.5,30,31,1.5,1,2
M.Chinnaswamy Stadium,Delhi Capitals,123.96000000000011,149.0,133,178,6.166666666666667,3,9,46.166666666666664,39,61,1.3333333333333333,0,2
M.Chinnaswamy Stadium,Gujarat Lions,104.80999999999992,109.5,92,127,6.5,3,10,42.0,38,46,2.0,2,2
M.Chinnaswamy Stadium,Kolkata Knight Riders,148.8,153.66666666666666,44,194,4.833333333333333,3,7,56.5,34,103,1.1666666666666667,0,3
M.Chinnaswamy Stadium,Mumbai Indians,116.61999999999995,134.11111111111111,103,162,4.666666666666667,1,9,33.55555555555556,18,51,1.7777777777777777,0,4
M.Chinnaswamy Stadium,Pune Warriors,110.56999999999991,137.5,129,146,7.0,5,9,40.0,38,42,2.5,1,4
M.Chinnaswamy Stadium,Punjab Kings,120.38000000000005,132.28571428571428,79,181,6.857142857142857,3,10,45.42857142857143,26,65,2.4285714285714284,1,5
M.Chinnaswamy Stadium,Rajasthan Royals,147.35999999999987,119.33333333333333,39,184,3.0,1,5,41.666666666666664,39,43,1.0,0,2
M.Chinnaswamy Stadium,Royal Challengers Bangalore,133.65999999999994,141.47058823529412,2,194,5.588235294117647,0,10,42.73529411764706,2,75,1.5294117647058822,0,5
M.Chinnaswamy Stadium,Sunrisers Hyderabad,146.5500000000001,175.33333333333334,156,199,3.6666666666666665,2,6,57.0,51,64,0.6666666666666666,0,1
M.Chinnaswamy Stadium,Royal Challengers Bangalore,250.01,15.0,15,15,0.0,0,0,15.0,15,15,0.0,0,0
M.Chinnaswamy Stadium,Delhi Capitals,183.34000000000003,11.0,11,11,2.0,2,2,11.0,11,11,2.0,2,2
MA Chidambaram Stadium,Chennai Super Kings,121.57,160.6764705882353,100,240,5.117647058823529,3,10,42.588235294117645,26,66,1.2058823529411764,0,3
MA Chidambaram Stadium,Deccan Chargers,132.64000000000007,174.0,174,174,4.0,4,4,51.0,51,51,2.0,2,2
MA Chidambaram Stadium,Delhi Capitals,85.5999999999999,107.0,107,107,5.0,5,5,25.0,25,25,4.0,4,4
MA Chidambaram Stadium,Kolkata Knight Riders,118.63000000000004,147.8,104,197,7.6,6,9,44.0,20,63,2.6,0,4
MA Chidambaram Stadium,Mumbai Indians,119.55000000000001,148.33333333333334,139,155,6.333333333333333,4,9,41.0,38,44,1.3333333333333333,1,2
MA Chidambaram Stadium,Pune Warriors,123.81999999999988,151.0,151,151,5.0,5,5,46.0,46,46,0.0,0,0
MA Chidambaram Stadium,Punjab Kings,114.15999999999991,141.5,132,151,8.0,8,8,38.5,38,39,0.5,0,1
MA Chidambaram Stadium,Rajasthan Royals,131.04999999999993,162.75,132,204,4.75,4,6,49.5,40,62,0.25,0,1
MA Chidambaram Stadium,Royal Challengers Bangalore,117.93000000000004,143.5,66,189,6.666666666666667,4,10,41.166666666666664,22,60,1.1666666666666667,0,2
MA Chidambaram Stadium,Sunrisers Hyderabad,131.2599999999999,161.0,151,171,4.5,3,6,43.0,34,52,2.0,1,3
MA Chidambaram Stadium,Chennai Super Kings,121.33000000000007,142.13636363636363,66,203,5.2272727272727275,1,10,44.18181818181818,15,75,1.0454545454545454,0,4
MA Chidambaram Stadium,Deccan Chargers,120.40000000000009,143.33333333333334,141,146,5.333333333333333,3,8,51.666666666666664,47,59,0.6666666666666666,0,1
MA Chidambaram Stadium,Delhi Capitals,110.5099999999999,129.14285714285714,99,166,7.142857142857143,2,10,46.285714285714285,27,62,1.8571428571428572,0,3
MA Chidambaram Stadium,Kochi Tuskers Kerala,104.03000000000007,132.0,132,132,5.0,5,5,37.0,37,37,1.0,1,1
MA Chidambaram Stadium,Kolkata Knight Riders,119.52000000000007,149.4,127,184,6.0,4,9,46.0,30,53,1.2,0,2
MA Chidambaram Stadium,Mumbai Indians,118.1600000000001,140.66666666666666,109,189,5.833333333333333,3,9,48.5,41,60,1.0,0,2
MA Chidambaram Stadium,Pune Warriors,99.15999999999991,123.0,110,136,8.0,7,9,43.0,36,50,3.0,2,4
MA Chidambaram Stadium,Punjab Kings,111.51999999999992,137.25,87,168,7.25,5,9,38.0,34,45,2.0,2,2
MA Chidambaram Stadium,Rajasthan Royals,135.7600000000001,169.0,139,208,7.333333333333333,5,9,46.0,40,56,1.3333333333333333,0,3
MA Chidambaram Stadium,Royal Challengers Bangalore,114.04999999999988,141.0,122,153,8.25,7,10,39.5,32,46,2.5,2,3
MA Chidambaram Stadium,Sunrisers Hyderabad,129.54999999999987,161.5,153,170,5.5,5,6,40.5,35,46,2.0,2,2
MA Chidambaram Stadium,Chennai Super Kings,180.0,9.0,9,9,2.0,2,2,9.0,9,9,2.0,2,2
MA Chidambaram Stadium,Punjab Kings,250.0,10.0,10,10,1.0,1,1,10.0,10,10,1.0,1,1
Maharashtra Cricket Association Stadium,Chennai Super Kings,151.0000000000002,188.0,162,204,4.666666666666667,4,5,57.666666666666664,50,68,0.6666666666666666,0,1
Maharashtra Cricket Association Stadium,Delhi Capitals,157.59999999999988,197.0,197,197,4.0,4,4,56.0,56,56,1.0,1,1
Maharashtra Cricket Association Stadium,Gujarat Lions,127.46999999999998,154.0,154,154,10.0,10,10,54.0,54,54,1.0,1,1
Maharashtra Cricket Association Stadium,Mumbai Indians,140.79999999999987,176.0,176,176,8.0,8,8,60.0,60,60,1.0,1,1
Maharashtra Cricket Association Stadium,Punjab Kings,107.90000000000012,127.75,70,157,9.0,7,10,35.25,26,47,3.0,1,5
Maharashtra Cricket Association Stadium,Rajasthan Royals,110.05000000000005,141.0,141,141,7.0,7,7,30.0,30,30,3.0,3,3
Maharashtra Cricket Association Stadium,Rising Pune Supergiant,132.29000000000002,164.2,151,188,4.2,3,5,45.4,31,54,0.8,0,1
Maharashtra Cricket Association Stadium,Royal Challengers Bangalore,124.30000000000007,154.66666666666666,123,173,5.333333333333333,3,9,41.666666666666664,35,46,1.0,1,1
Maharashtra Cricket Association Stadium,Sunrisers Hyderabad,130.97000000000003,167.0,166,168,3.5,3,4,33.5,26,41,0.5,0,1
Maharashtra Cricket Association Stadium,Chennai Super Kings,128.87999999999994,150.0,121,179,3.6666666666666665,2,5,41.666666666666664,31,53,1.3333333333333333,0,3
Maharashtra Cricket Association Stadium,Delhi Capitals,137.94999999999987,174.0,158,190,5.0,5,5,51.0,44,58,1.5,1,2
Maharashtra Cricket Association Stadium,Gujarat Lions,148.86000000000013,189.0,189,189,7.0,7,7,68.0,68,68,0.0,0,0
Maharashtra Cricket Association Stadium,Kolkata Knight Riders,139.00999999999982,160.0,152,171,5.666666666666667,3,8,49.0,41,54,1.6666666666666667,1,2
Maharashtra Cricket Association Stadium,Mumbai Indians,133.0100000000001,157.5,155,160,2.0,2,2,47.0,46,48,0.5,0,1
Maharashtra Cricket Association Stadium,Punjab Kings,100.04000000000008,127.0,127,127,8.0,8,8,48.0,48,48,3.0,3,3
Maharashtra Cricket Association Stadium,Rajasthan Royals,100.44000000000011,119.0,106,132,10.0,10,10,36.5,33,40,2.5,2,3
Maharashtra Cricket Association Stadium,Rising Pune Supergiant,129.6,144.0,77,183,5.333333333333333,1,10,45.833333333333336,34,57,2.1666666666666665,1,4
Maharashtra Cricket Association Stadium,Royal Challengers Bangalore,75.43999999999998,92.0,92,92,9.0,9,9,37.0,37,37,2.0,2,2
Nehru Stadium,Chennai Super Kings,123.05999999999986,128.0,128,128,4.0,4,4,40.0,40,40,1.0,1,1
Nehru Stadium,Deccan Chargers,97.59999999999997,122.0,122,122,7.0,7,7,16.0,16,16,3.0,3,3
Nehru Stadium,Delhi Capitals,112.79999999999995,141.0,141,141,7.0,7,7,28.0,28,28,2.0,2,2
Nehru Stadium,Kochi Tuskers Kerala,120.34999999999985,150.0,150,150,5.0,5,5,46.0,34,58,1.0,0,2
Nehru Stadium,Kochi Tuskers Kerala,99.81,103.33333333333333,67,132,7.666666666666667,3,10,34.333333333333336,25,48,3.3333333333333335,1,6
Nehru Stadium,Kolkata Knight Riders,111.51999999999988,136.0,136,136,7.0,7,7,41.0,41,41,0.0,0,0
Nehru Stadium,Royal Challengers Bangalore,123.34999999999994,149.0,149,149,4.0,4,4,40.0,40,40,2.0,2,2
New Wanderers Stadium,Chennai Super Kings,118.21999999999991,147.0,140,154,7.5,5,10,50.5,50,51,1.0,0,2
New Wanderers Stadium,Deccan Chargers,106.99000000000014,135.0,135,135,6.0,6,6,28.0,28,28,2.0,2,2
New Wanderers Stadium,Delhi Capitals,106.37000000000006,131.0,131,131,7.0,7,7,37.0,37,37,3.0,3,3
New Wanderers Stadium,Kolkata Knight Riders,107.1999999999999,134.0,115,153,6.5,5,8,31.0,29,33,2.0,1,3
New Wanderers Stadium,Mumbai Indians,117.25999999999995,143.0,143,143,4.0,4,4,22.0,22,22,3.0,3,3
New Wanderers Stadium,Punjab Kings,100.59000000000007,127.0,127,127,7.0,7,7,35.0,35,35,3.0,3,3
New Wanderers Stadium,Deccan Chargers,115.51999999999991,143.5,128,159,6.0,4,8,47.0,46,48,1.0,0,2
New Wanderers Stadium,Delhi Capitals,111.20999999999995,127.0,112,142,5.5,3,8,43.5,40,47,1.0,0,2
New Wanderers Stadium,Royal Challengers Bangalore,115.72000000000011,136.25,127,144,4.25,1,9,41.5,27,58,1.25,1,2
Newlands,Deccan Chargers,144.81,175.0,175,175,6.0,6,6,56.0,56,56,1.0,1,1
Newlands,Kolkata Knight Riders,80.6400000000001,96.0,96,96,10.0,10,10,18.0,18,18,3.0,3,3
Newlands,Mumbai Indians,134.15,162.0,162,162,7.0,7,7,39.0,39,39,1.0,1,1
Newlands,Punjab Kings,108.77999999999999,111.0,96,126,6.5,6,7,46.0,32,60,1.5,1,2
Newlands,Rajasthan Royals,110.90000000000019,140.0,140,140,6.0,6,6,52.0,52,52,2.0,2,2
Newlands,Royal Challengers Bangalore,105.77999999999997,129.0,129,129,8.0,8,8,28.0,28,28,3.0,3,3
Newlands,Chennai Super Kings,111.24000000000007,137.0,137,137,7.0,7,7,33.0,33,33,2.0,2,2
Newlands,Deccan Chargers,127.5,102.0,102,102,2.0,2,2,37.0,37,37,2.0,2,2
Newlands,Delhi Capitals,165.59000000000003,53.0,53,53,0.0,0,0,53.0,53,53,0.0,0,0
Newlands,Kolkata Knight Riders,101.63999999999999,132.0,132,132,8.0,8,8,35.0,35,35,1.0,1,1
Newlands,Rajasthan Royals,67.68000000000004,75.5,49,102,8.5,7,10,18.5,8,29,3.0,2,4
Newlands,Royal Challengers Bangalore,121.23000000000013,153.0,153,153,8.0,8,8,29.0,29,29,2.0,2,2
Newlands,Kolkata Knight Riders,200.0,14.0,14,14,1.0,1,1,14.0,14,14,1.0,1,1
Newlands,Rajasthan Royals,450.0,18.0,18,18,0.0,0,0,18.0,18,18,0.0,0,0
OUTsurance Oval,Delhi Capitals,100.1999999999999,125.5,106,145,6.0,3,9,30.5,28,33,2.0,2,2
OUTsurance Oval,Punjab Kings,93.47999999999999,114.0,114,114,4.0,4,4,33.0,33,33,3.0,3,3
OUTsurance Oval,Rajasthan Royals,96.90000000000006,123.0,123,123,9.0,9,9,18.0,18,18,2.0,2,2
"Punjab Cricket Association Stadium, Mohali",Chennai Super Kings,158.7900000000002,195.0,168,234,4.666666666666667,4,5,39.333333333333336,28,50,1.3333333333333333,1,2
"Punjab Cricket Association Stadium, Mohali",Deccan Chargers,143.90999999999983,175.5,170,181,4.0,4,4,42.0,40,44,0.5,0,1
"Punjab Cricket Association Stadium, Mohali",Delhi Capitals,101.07000000000014,119.25,62,160,8.75,7,10,37.5,24,43,2.5,1,3
"Punjab Cricket Association Stadium, Mohali",Kolkata Knight Riders,127.04999999999998,165.0,165,165,5.0,5,5,42.0,42,42,2.0,2,2
"Punjab Cricket Association Stadium, Mohali",Mumbai Indians,135.4899999999999,167.5,150,184,6.25,3,9,50.0,38,62,1.0,0,2
"Punjab Cricket Association Stadium, Mohali",Pune Warriors,115.17999999999986,140.0,103,177,7.0,4,10,36.0,26,46,1.5,0,3
"Punjab Cricket Association Stadium, Mohali",Punjab Kings,130.4799999999999,156.8,102,216,6.3,3,10,46.0,33,74,1.2333333333333334,0,4
"Punjab Cricket Association Stadium, Mohali",Rajasthan Royals,137.11999999999995,172.0,171,173,5.5,5,6,55.5,50,61,1.0,1,1
"Punjab Cricket Association Stadium, Mohali",Rising Pune Supergiant,114.49000000000007,141.0,141,141,7.0,7,7,46.0,46,46,1.0,1,1
"Punjab Cricket Association Stadium, Mohali",Royal Challengers Bangalore,128.73000000000002,159.66666666666666,128,180,5.666666666666667,3,8,52.0,44,57,1.0,0,3
"Punjab Cricket Association Stadium, Mohali",Sunrisers Hyderabad,132.37000000000012,160.25,142,204,5.0,3,7,42.25,19,59,1.25,0,2
"Punjab Cricket Association Stadium, Mohali",Chennai Super Kings,129.73999999999992,148.0,128,180,2.6666666666666665,0,5,43.333333333333336,37,48,1.3333333333333333,0,2
"Punjab Cricket Association Stadium, Mohali",Delhi Capitals,121.17000000000002,147.66666666666666,139,163,6.666666666666667,5,10,42.0,33,49,1.0,0,2
"Punjab Cricket Association Stadium, Mohali",Gujarat Lions,148.27000000000004,171.0,156,186,4.5,4,5,55.5,55,56,1.0,0,2
"Punjab Cricket Association Stadium, Mohali",Kolkata Knight Riders,129.60999999999993,147.5,122,178,5.0,2,9,49.5,25,61,1.5,0,4
"Punjab Cricket Association Stadium, Mohali",Mumbai Indians,111.10999999999997,125.5,82,162,7.0,3,10,40.25,32,55,1.25,0,3
"Punjab Cricket Association Stadium, Mohali",Pune Warriors,99.14000000000006,108.0,108,108,5.0,5,5,37.0,37,37,1.0,1,1
"Punjab Cricket Association Stadium, Mohali",Punjab Kings,126.13999999999997,150.57692307692307,66,196,4.961538461538462,0,10,48.53846153846154,28,74,1.2692307692307692,0,3
"Punjab Cricket Association Stadium, Mohali",Rajasthan Royals,127.15999999999998,155.6,141,176,6.2,2,8,41.4,37,46,1.4,1,2
"Punjab Cricket Association Stadium, Mohali",Royal Challengers Bangalore,138.1699999999999,145.25,76,174,4.25,2,6,51.25,34,63,1.75,1,3
"Punjab Cricket Association Stadium, Mohali",Sunrisers Hyderabad,133.27999999999986,168.0,165,171,4.0,3,5,45.5,38,53,1.5,0,3
"Rajiv Gandhi International Stadium, Uppal",Chennai Super Kings,138.19000000000008,172.0,125,213,3.6666666666666665,3,5,37.666666666666664,26,49,0.6666666666666666,0,1
"Rajiv Gandhi International Stadium, Uppal",Deccan Chargers,127.42000000000007,154.66666666666666,122,208,7.0,4,10,38.166666666666664,22,57,1.4166666666666667,0,3
"Rajiv Gandhi International Stadium, Uppal",Delhi Capitals,105.2200000000001,126.66666666666667,74,160,7.333333333333333,5,10,43.666666666666664,23,59,1.3333333333333333,1,2
"Rajiv Gandhi International Stadium, Uppal",Gujarat Lions,103.48999999999987,126.5,121,132,6.5,6,7,32.0,26,38,2.5,2,3
"Rajiv Gandhi International Stadium, Uppal",Kolkata Knight Riders,125.8599999999999,157.0,116,199,5.75,4,8,41.75,26,60,1.25,1,2
"Rajiv Gandhi International Stadium, Uppal",Mumbai Indians,111.56999999999991,138.33333333333334,121,167,6.555555555555555,4,8,41.44444444444444,30,56,1.8888888888888888,1,3
"Rajiv Gandhi International Stadium, Uppal",Punjab Kings,113.09,139.0,116,163,6.666666666666667,5,9,39.0,34,48,1.0,0,2
"Rajiv Gandhi International Stadium, Uppal",Rajasthan Royals,115.32999999999997,143.0,117,193,6.333333333333333,2,9,40.0,34,45,1.0,1,1
"Rajiv Gandhi International Stadium, Uppal",Rising Pune Supergiant,113.89000000000009,141.0,141,141,8.0,8,8,34.0,34,34,1.0,1,1
"Rajiv Gandhi International Stadium, Uppal",Royal Challengers Bangalore,112.13999999999993,137.5,122,153,7.0,6,8,28.0,23,33,2.0,2,2
"Rajiv Gandhi International Stadium, Uppal",Sunrisers Hyderabad,130.88000000000002,157.54545454545453,107,229,6.090909090909091,2,10,44.45454545454545,18,75,1.1818181818181819,0,3
"Rajiv Gandhi International Stadium, Uppal",Chennai Super Kings,118.38000000000005,146.33333333333334,137,163,5.333333333333333,3,7,48.0,40,52,1.3333333333333333,1,2
"Rajiv Gandhi International Stadium, Uppal",Deccan Chargers,113.51000000000006,138.33333333333334,119,165,6.833333333333333,5,8,41.333333333333336,29,54,2.0,0,3
"Rajiv Gandhi International Stadium, Uppal",Delhi Capitals,145.39999999999995,158.6,131,177,3.2,1,6,46.2,22,59,1.4,1,3
"Rajiv Gandhi International Stadium, Uppal",Kolkata Knight Riders,127.68000000000019,152.0,141,166,4.25,2,7,42.75,30,62,1.0,0,2
"Rajiv Gandhi International Stadium, Uppal",Mumbai Indians,129.45999999999998,131.5,106,157,2.0,1,3,37.0,36,38,0.5,0,1
"Rajiv Gandhi International Stadium, Uppal",Pune Warriors,103.53999999999999,118.0,102,134,7.0,4,10,38.5,26,51,0.0,0,0
"Rajiv Gandhi International Stadium, Uppal",Punjab Kings,133.67999999999998,159.14285714285714,117,207,6.285714285714286,2,10,51.142857142857146,41,85,0.8571428571428571,0,2
"Rajiv Gandhi International Stadium, Uppal",Rajasthan Royals,126.23000000000008,151.0,107,210,6.0,2,9,43.0,28,70,0.6666666666666666,0,1
"Rajiv Gandhi International Stadium, Uppal",Rising Pune Supergiant,102.0,100.0,81,119,4.5,3,6,35.0,33,37,1.0,1,1
"Rajiv Gandhi International Stadium, Uppal",Royal Challengers Bangalore,120.95999999999992,135.875,82,176,7.375,4,10,45.625,26,82,2.0,1,4
"Rajiv Gandhi International Stadium, Uppal",Sunrisers Hyderabad,118.20000000000007,134.3181818181818,78,195,5.0,1,10,47.45454545454545,31,68,1.0,0,3
"Rajiv Gandhi International Stadium, Uppal",Sunrisers Hyderabad,271.42999999999995,19.0,19,19,0.0,0,0,19.0,19,19,0.0,0,0
"Rajiv Gandhi International Stadium, Uppal",Royal Challengers Bangalore,250.01,15.0,15,15,0.0,0,0,15.0,15,15,0.0,0,0
"Sardar Patel Stadium, Motera",Chennai Super Kings,121.85000000000005,150.0,150,150,4.0,4,4,39.0,39,39,2.0,2,2
"Sardar Patel Stadium, Motera",Deccan Chargers,107.97000000000011,137.0,137,137,9.0,9,9,50.0,50,50,2.0,2,2
"Sardar Patel Stadium, Motera",Mumbai Indians,135.70999999999992,165.5,159,172,4.5,3,6,35.5,31,40,1.0,0,2
"Sardar Patel Stadium, Motera",Rajasthan Royals,131.22999999999996,160.85714285714286,126,186,6.857142857142857,6,9,47.857142857142854,39,55,1.2857142857142858,0,3
"Sardar Patel Stadium, Motera",Sunrisers Hyderabad,100.0399999999999,122.0,122,122,9.0,9,9,48.0,48,48,1.0,1,1
"Sardar Patel Stadium, Motera",Chennai Super Kings,125.07000000000008,154.0,154,154,6.0,6,6,58.0,58,58,1.0,1,1
"Sardar Patel Stadium, Motera",Delhi Capitals,113.08999999999995,131.5,130,133,6.5,4,9,43.0,31,55,2.0,2,2
"Sardar Patel Stadium, Motera",Kolkata Knight Riders,113.84999999999984,139.5,129,150,5.5,5,6,43.5,37,50,0.5,0,1
"Sardar Patel Stadium, Motera",Punjab Kings,153.8700000000001,186.0,186,186,6.0,6,6,39.0,39,39,1.0,1,1
"Sardar Patel Stadium, Motera",Rajasthan Royals,119.5800000000001,138.8,92,161,5.0,2,10,43.4,35,50,1.4,0,3
"Sardar Patel Stadium, Motera",Royal Challengers Bangalore,132.91000000000005,129.0,129,129,1.0,1,1,44.0,44,44,1.0,1,1
"Sardar Patel Stadium, Motera",Punjab Kings,185.70999999999998,13.0,13,13,2.0,2,2,13.0,13,13,2.0,2,2
"Sardar Patel Stadium, Motera",Rajasthan Royals,125.0,5.0,5,5,2.0,2,2,5.0,5,5,2.0,2,2
Saurashtra Cricket Association Stadium,Gujarat Lions,118.94999999999989,148.5,130,179,7.0,4,9,44.25,32,51,2.0,1,3
Saurashtra Cricket Association Stadium,Punjab Kings,136.9499999999998,166.5,150,183,8.5,7,10,52.5,48,57,0.5,0,1
Saurashtra Cricket Association Stadium,Rising Pune Supergiant,134.0699999999998,163.5,161,166,6.5,5,8,59.0,56,62,1.5,1,2
Saurashtra Cricket Association Stadium,Royal Challengers Bangalore,157.72999999999982,193.0,177,209,2.0,2,2,47.5,45,50,0.5,0,1
Saurashtra Cricket Association Stadium,Delhi Capitals,138.48999999999987,147.0,147,147,2.0,2,2,59.0,59,59,0.0,0,0
Saurashtra Cricket Association Stadium,Gujarat Lions,131.78000000000014,158.33333333333334,127,184,5.5,3,9,53.666666666666664,35,65,1.1666666666666667,0,2
Saurashtra Cricket Association Stadium,Kolkata Knight Riders,176.01999999999995,169.0,169,169,0.0,0,0,67.0,67,67,0.0,0,0
Saurashtra Cricket Association Stadium,Mumbai Indians,125.83999999999995,152.0,152,152,10.0,10,10,61.0,61,61,1.0,1,1
Saurashtra Cricket Association Stadium,Sunrisers Hyderabad,135.06000000000006,127.0,127,127,0.0,0,0,56.0,56,56,0.0,0,0
Saurashtra Cricket Association Stadium,Mumbai Indians,220.0,11.0,11,11,2.0,2,2,11.0,11,11,2.0,2,2
Saurashtra Cricket Association Stadium,Gujarat Lions,25.0,2.0,2,2,0.0,0,0,2.0,2,2,0.0,0,0
Sawai Mansingh Stadium,Chennai Super Kings,118.15999999999988,146.75,102,188,5.25,3,10,42.0,32,52,1.25,0,4
Sawai Mansingh Stadium,Deccan Chargers,127.90999999999993,158.5,134,183,5.0,2,8,48.5,48,49,0.0,0,0
Sawai Mansingh Stadium,Delhi Capitals,117.04999999999997,144.66666666666666,142,147,5.666666666666667,4,7,36.0,26,43,1.6666666666666667,1,2
Sawai Mansingh Stadium,Kochi Tuskers Kerala,81.17000000000006,100.0,100,100,10.0,10,10,26.0,26,26,2.0,2,2
Sawai Mansingh Stadium,Mumbai Indians,111.20000000000007,139.0,87,162,6.4,5,8,36.2,26,43,1.4,0,3
Sawai Mansingh Stadium,Pune Warriors,122.41999999999986,152.5,138,167,5.5,4,7,51.5,49,54,0.5,0,1
Sawai Mansingh Stadium,Punjab Kings,118.87999999999988,147.0,114,168,7.0,4,10,40.0,29,54,1.5,1,3
Sawai Mansingh Stadium,Rajasthan Royals,120.96000000000006,151.2,114,186,5.3,1,8,41.55,22,62,1.05,0,3
Sawai Mansingh Stadium,Royal Challengers Bangalore,130.54,161.33333333333334,153,170,4.333333333333333,3,6,43.666666666666664,35,51,0.6666666666666666,0,1
Sawai Mansingh Stadium,Sunrisers Hyderabad,117.12,144.66666666666666,133,151,8.0,7,9,38.666666666666664,28,49,2.3333333333333335,1,5
Sawai Mansingh Stadium,Chennai Super Kings,107.4799999999999,130.0,114,146,6.0,6,6,27.5,24,31,3.0,2,4
Sawai Mansingh Stadium,Delhi Capitals,155.07,128.0,57,192,4.0,4,4,57.666666666666664,57,59,1.6666666666666667,0,4
Sawai Mansingh Stadium,Kolkata Knight Riders,123.09999999999991,138.83333333333334,114,160,6.0,1,10,46.5,24,63,1.8333333333333333,0,4
Sawai Mansingh Stadium,Mumbai Indians,99.35999999999996,115.0,85,145,5.0,0,10,30.5,21,40,1.0,0,2
Sawai Mansingh Stadium,Pune Warriors,99.21999999999987,121.0,121,121,9.0,9,9,32.0,32,32,4.0,4,4
Sawai Mansingh Stadium,Punjab Kings,118.89999999999989,145.0,136,154,8.0,7,9,37.0,32,42,2.5,2,3
Sawai Mansingh Stadium,Rajasthan Royals,120.71999999999994,142.66666666666666,89,191,4.666666666666667,1,10,42.55555555555556,14,65,1.037037037037037,0,3
Sawai Mansingh Stadium,Royal Challengers Bangalore,121.89000000000004,133.75,126,147,6.25,1,10,49.0,20,63,1.5,0,3
Shaheed Veer Narayan Singh International Stadium,Chennai Super Kings,93.18999999999994,112.0,112,112,6.0,6,6,16.0,16,16,1.0,1,1
Shaheed Veer Narayan Singh International Stadium,Delhi Capitals,111.88999999999987,141.0,132,150,6.5,5,8,34.5,28,41,1.5,1,2
Shaheed Veer Narayan Singh International Stadium,Kolkata Knight Riders,103.19999999999993,129.0,129,129,7.0,7,7,35.0,35,35,3.0,3,3
Shaheed Veer Narayan Singh International Stadium,Sunrisers Hyderabad,128.73999999999987,157.0,155,159,5.5,4,7,42.5,39,46,1.5,1,2
Shaheed Veer Narayan Singh International Stadium,Delhi Capitals,122.09999999999995,138.75,120,153,3.75,3,4,34.5,28,48,1.5,1,2
Shaheed Veer Narayan Singh International Stadium,Pune Warriors,116.16000000000005,143.0,143,143,4.0,4,4,40.0,40,40,0.0,0,0
Shaheed Veer Narayan Singh International Stadium,Royal Challengers Bangalore,116.12000000000008,129.0,129,129,4.0,4,4,44.0,44,44,2.0,2,2
Sharjah Cricket Stadium,Chennai Super Kings,111.14999999999989,138.5,102,175,6.5,4,9,29.5,21,38,3.0,1,5
Sharjah Cricket Stadium,Delhi Capitals,142.1900000000001,177.0,135,226,5.333333333333333,4,8,44.666666666666664,29,57,2.3333333333333335,1,3
Sharjah Cricket Stadium,Kolkata Knight Riders,115.36999999999992,143.0,143,143,8.0,7,9,47.0,41,53,2.5,2,3
Sharjah Cricket Stadium,Mumbai Indians,126.43000000000004,155.33333333333334,114,204,6.666666666666667,5,8,42.333333333333336,33,48,2.0,2,2
Sharjah Cricket Stadium,Punjab Kings,158.22000000000008,198.5,184,213,4.0,2,6,48.5,42,55,0.0,0,0
Sharjah Cricket Stadium,Rajasthan Royals,156.27000000000004,196.0,185,207,6.0,5,7,52.5,52,53,1.0,1,1
Sharjah Cricket Stadium,Royal Challengers Bangalore,121.34000000000005,151.0,109,185,5.0,2,7,41.333333333333336,28,50,1.0,0,2
Sharjah Cricket Stadium,Sunrisers Hyderabad,104.71000000000005,129.0,129,129,5.0,5,5,30.0,30,30,2.0,2,2
Sharjah Cricket Stadium,Chennai Super Kings,139.32999999999976,168.5,142,195,5.5,5,6,47.5,44,51,0.0,0,0
Sharjah Cricket Stadium,Delhi Capitals,125.79000000000013,149.0,117,181,4.5,4,5,31.5,23,40,1.0,0,2
Sharjah Cricket Stadium,Kolkata Knight Riders,121.19999999999993,151.5,106,197,8.5,8,9,46.5,40,53,1.0,1,1
Sharjah Cricket Stadium,Mumbai Indians,154.0799999999999,114.0,114,114,0.0,0,0,52.0,52,52,0.0,0,0
Sharjah Cricket Stadium,Punjab Kings,139.21000000000006,165.33333333333334,147,184,2.3333333333333335,2,3,42.0,35,55,0.6666666666666666,0,2
Sharjah Cricket Stadium,Rajasthan Royals,138.85999999999984,173.0,128,218,8.0,6,10,51.5,39,64,1.0,1,1
Sharjah Cricket Stadium,Royal Challengers Bangalore,124.07999999999994,141.0,140,142,3.5,2,5,48.0,47,49,0.5,0,1
Sharjah Cricket Stadium,Sunrisers Hyderabad,117.74999999999993,132.5,113,159,5.5,0,10,50.5,41,54,1.25,0,3
Sheikh Zayed Stadium,Chennai Super Kings,129.55,160.66666666666666,120,191,5.333333333333333,4,7,45.0,32,60,1.0,0,2
Sheikh Zayed Stadium,Delhi Capitals,135.19999999999987,169.0,157,181,3.5,3,4,53.5,44,63,1.0,0,2
Sheikh Zayed Stadium,Kolkata Knight Riders,120.63000000000002,148.0,81,187,6.428571428571429,5,10,32.42857142857143,14,48,1.8571428571428572,1,4
Sheikh Zayed Stadium,Mumbai Indians,140.87,177.6,157,186,5.4,4,9,50.0,39,57,1.4,1,2
Sheikh Zayed Stadium,Punjab Kings,121.84,150.66666666666666,127,174,6.333333333333333,4,9,49.333333333333336,47,53,1.3333333333333333,1,2
Sheikh Zayed Stadium,Rajasthan Royals,121.81999999999991,149.0,147,151,5.5,5,6,39.0,38,40,2.0,1,3
Sheikh Zayed Stadium,Royal Challengers Bangalore,109.37999999999997,125.5,66,161,7.5,6,10,36.0,20,54,2.0,0,5
Sheikh Zayed Stadium,Sunrisers Hyderabad,110.15999999999995,136.0,118,155,4.666666666666667,4,6,36.333333333333336,33,40,0.6666666666666666,0,1
Sheikh Zayed Stadium,Chennai Super Kings,127.40000000000006,151.66666666666666,140,162,3.6666666666666665,1,5,45.0,35,52,1.0,0,2
Sheikh Zayed Stadium,Delhi Capitals,107.87999999999994,123.75,82,148,7.25,4,9,35.25,24,51,1.75,1,3
Sheikh Zayed Stadium,Kolkata Knight Riders,108.99000000000015,129.75,99,141,7.5,3,10,33.75,23,50,2.0,1,3
Sheikh Zayed Stadium,Mumbai Indians,125.70999999999991,145.25,117,162,4.75,2,7,41.25,32,46,0.75,0,1
Sheikh Zayed Stadium,Punjab Kings,137.1100000000001,165.33333333333334,136,200,5.666666666666667,4,8,49.333333333333336,40,61,1.6666666666666667,0,3
Sheikh Zayed Stadium,Rajasthan Royals,127.93000000000002,136.16666666666666,68,185,4.666666666666667,2,10,39.333333333333336,26,65,2.1666666666666665,1,3
Sheikh Zayed Stadium,Royal Challengers Bangalore,117.5,117.5,80,155,2.0,2,2,45.0,40,50,0.5,0,1
Sheikh Zayed Stadium,Sunrisers Hyderabad,119.07,147.0,122,166,6.0,4,8,47.333333333333336,39,57,1.6666666666666667,0,3
Sheikh Zayed Stadium,Kolkata Knight Riders,166.68,10.0,10,10,2.0,2,2,10.0,10,10,2.0,2,2
Sheikh Zayed Stadium,Sunrisers Hyderabad,66.67,2.0,2,2,2.0,2,2,2.0,2,2,2.0,2,2
Sheikh Zayed Stadium,Kolkata Knight Riders,25.0,1.0,1,1,0.0,0,0,1.0,1,1,0.0,0,0
Sheikh Zayed Stadium,Rajasthan Royals,183.33999999999997,11.0,11,11,0.0,0,0,11.0,11,11,0.0,0,0
St George's Park,Chennai Super Kings,134.1300000000001,166.0,166,166,5.0,5,5,66.0,66,66,0.0,0,0
St George's Park,Deccan Chargers,108.2400000000001,134.0,134,134,5.0,5,5,38.0,38,38,2.0,2,2
St George's Park,Kolkata Knight Riders,118.59000000000002,146.0,146,146,3.0,3,3,26.0,26,26,1.0,1,1
St George's Park,Mumbai Indians,126.36000000000004,156.66666666666666,142,178,4.333333333333333,2,6,46.666666666666664,40,53,1.0,0,2
St George's Park,Royal Challengers Bangalore,109.33000000000014,138.0,138,138,7.0,7,7,42.0,42,42,2.0,2,2
St George's Park,Chennai Super Kings,104.03999999999995,125.0,125,125,3.0,3,3,34.0,34,34,2.0,2,2
St George's Park,Delhi Capitals,121.50999999999993,146.0,146,146,4.0,4,4,42.0,42,42,2.0,2,2
St George's Park,Kolkata Knight Riders,95.71999999999991,91.0,91,91,9.0,9,9,43.0,43,43,2.0,2,2
St George's Park,Punjab Kings,114.0500000000002,144.0,144,144,4.0,4,4,48.0,48,48,2.0,2,2
St George's Park,Rajasthan Royals,110.69999999999987,135.0,135,135,7.0,7,7,28.0,28,28,3.0,3,3
St George's Park,Royal Challengers Bangalore,93.59000000000003,104.5,82,127,8.5,7,10,39.0,36,42,2.0,2,2
Subrata Roy Sahara Stadium,Chennai Super Kings,126.33999999999986,154.5,149,160,4.0,3,5,35.5,28,43,1.0,0,2
Subrata Roy Sahara Stadium,Deccan Chargers,136.1199999999998,166.0,166,166,4.0,4,4,45.0,45,45,2.0,2,2
Subrata Roy Sahara Stadium,Kolkata Knight Riders,116.08999999999999,142.66666666666666,129,158,4.666666666666667,4,6,40.333333333333336,27,48,1.0,1,1
Subrata Roy Sahara Stadium,Mumbai Indians,88.4600000000001,109.0,109,109,9.0,9,9,40.0,40,40,0.0,0,0
Subrata Roy Sahara Stadium,Pune Warriors,107.77000000000008,130.16666666666666,96,167,6.0,2,9,31.5,23,38,1.6666666666666667,1,2
Subrata Roy Sahara Stadium,Rajasthan Royals,112.03000000000009,138.0,138,138,5.0,5,5,42.0,42,42,1.0,1,1
Subrata Roy Sahara Stadium,Royal Challengers Bangalore,136.36999999999995,169.5,164,175,3.0,3,3,44.5,28,61,0.0,0,0
Subrata Roy Sahara Stadium,Sunrisers Hyderabad,91.19999999999992,114.0,114,114,8.0,8,8,23.0,23,23,4.0,4,4
Subrata Roy Sahara Stadium,Delhi Capitals,112.05999999999989,129.66666666666666,118,141,6.333333333333333,2,9,44.666666666666664,35,59,1.6666666666666667,1,2
Subrata Roy Sahara Stadium,Mumbai Indians,96.46,112.0,112,112,5.0,5,5,34.0,34,34,2.0,2,2
Subrata Roy Sahara Stadium,Pune Warriors,103.60000000000005,127.7,92,164,7.4,3,10,42.7,32,60,1.8,1,4
Subrata Roy Sahara Stadium,Punjab Kings,114.70000000000002,115.0,97,133,5.0,2,8,36.5,18,55,1.5,1,2
Subrata Roy Sahara Stadium,Rajasthan Royals,128.51999999999992,126.0,126,126,3.0,3,3,49.0,49,49,2.0,2,2
SuperSport Park,Chennai Super Kings,140.5,168.66666666666666,159,179,3.6666666666666665,3,5,47.333333333333336,40,56,1.0,0,2
SuperSport Park,Deccan Chargers,110.10999999999991,136.5,136,137,7.5,6,9,34.0,32,36,2.0,2,2
SuperSport Park,Delhi Capitals,113.33999999999989,140.5,138,143,7.5,7,8,44.0,41,47,2.5,2,3
SuperSport Park,Kolkata Knight Riders,132.49000000000012,164.0,164,164,4.0,4,4,38.0,38,38,2.0,2,2
SuperSport Park,Mumbai Indians,107.47000000000003,141.0,141,141,8.0,8,8,23.0,23,23,3.0,3,3
SuperSport Park,Punjab Kings,77.77000000000004,101.0,101,101,9.0,9,9,46.0,46,46,3.0,3,3
SuperSport Park,Royal Challengers Bangalore,109.24999999999991,134.0,100,168,7.0,4,10,29.5,26,33,2.0,1,3
SuperSport Park,Deccan Chargers,123.06000000000017,146.5,145,148,5.0,4,6,67.5,56,79,0.5,0,1
SuperSport Park,Delhi Capitals,127.94999999999996,147.5,138,157,5.0,4,6,49.0,38,60,1.5,1,2
SuperSport Park,Kolkata Knight Riders,152.25000000000014,184.0,184,184,3.0,3,3,55.0,55,55,1.0,1,1
SuperSport Park,Mumbai Indians,105.97999999999996,119.5,116,123,5.0,2,8,39.5,39,40,2.0,2,2
SuperSport Park,Punjab Kings,151.28000000000011,168.0,168,168,3.0,3,3,51.0,51,51,1.0,1,1
SuperSport Park,Rajasthan Royals,108.46000000000006,120.0,104,138,5.666666666666667,3,9,31.333333333333332,30,33,1.6666666666666667,1,2
SuperSport Park,Royal Challengers Bangalore,134.8700000000001,167.0,167,167,4.0,4,4,42.0,42,42,0.0,0,0
"Vidarbha Cricket Association Stadium, Jamtha",Chennai Super Kings,105.57000000000006,130.0,130,130,8.0,8,8,53.0,53,53,1.0,1,1
"Vidarbha Cricket Association Stadium, Jamtha",Deccan Chargers,114.7000000000001,142.0,142,142,6.0,6,6,30.0,30,30,3.0,3,3
"Vidarbha Cricket Association Stadium, Jamtha",Rajasthan Royals,119.42000000000004,147.0,147,147,10.0,10,10,43.0,43,43,2.0,2,2
"Vidarbha Cricket Association Stadium, Jamtha",Deccan Chargers,112.20999999999991,139.0,131,147,7.0,4,10,40.0,33,47,2.0,2,2
"Vidarbha Cricket Association Stadium, Jamtha",Royal Challengers Bangalore,99.99999999999986,125.0,125,125,10.0,10,10,33.0,33,33,1.0,1,1
"Wankhede Stadium, Mumbai",Chennai Super Kings,130.1000000000001,162.0,144,178,7.0,6,8,36.0,28,50,1.6666666666666667,1,2
"Wankhede Stadium, Mumbai",Deccan Chargers,94.1000000000001,111.5,95,128,8.0,6,10,33.5,31,36,1.0,1,1
"Wankhede Stadium, Mumbai",Delhi Capitals,144.99999999999991,177.5,148,207,6.0,6,6,42.5,42,43,2.0,2,2
"Wankhede Stadium, Mumbai",Gujarat Lions,130.71000000000018,165.0,165,165,4.0,4,4,44.0,44,44,1.0,1,1
"Wankhede Stadium, Mumbai",Kolkata Knight Riders,109.78000000000011,131.83333333333334,59,173,7.166666666666667,5,10,38.833333333333336,22,58,1.8333333333333333,0,4
"Wankhede Stadium, Mumbai",Mumbai Indians,126.25000000000003,159.64864864864865,83,199,5.864864864864865,2,10,40.91891891891892,20,78,1.2162162162162162,0,4
"Wankhede Stadium, Mumbai",Pune Warriors,97.63999999999996,113.5,106,121,9.5,9,10,24.5,24,25,3.5,3,4
"Wankhede Stadium, Mumbai",Punjab Kings,139.98999999999995,176.57142857142858,108,220,5.0,3,8,49.714285714285715,32,68,1.1428571428571428,0,4
"Wankhede Stadium, Mumbai",Rajasthan Royals,151.60999999999984,186.0,184,188,6.5,4,9,45.0,33,57,0.5,0,1
"Wankhede Stadium, Mumbai",Rising Pune Supergiant,125.46999999999991,155.5,155,156,5.0,4,6,38.5,31,46,1.0,0,2
"Wankhede Stadium, Mumbai",Royal Challengers Bangalore,139.85999999999999,173.4,157,228,5.4,1,8,42.6,37,51,1.2,1,2
"Wankhede Stadium, Mumbai",Sunrisers Hyderabad,115.84000000000006,144.8,106,171,6.8,3,10,41.6,33,48,1.8,0,4
"Wankhede Stadium, Mumbai",Chennai Super Kings,123.66000000000004,146.25,70,186,6.5,1,10,44.25,21,94,1.9166666666666667,0,4
"Wankhede Stadium, Mumbai",Delhi Capitals,120.0399999999999,138.125,80,193,6.125,3,10,38.5,21,65,2.125,0,5
"Wankhede Stadium, Mumbai",Gujarat Lions,109.86000000000007,136.0,136,136,7.0,7,7,40.0,40,40,1.0,1,1
"Wankhede Stadium, Mumbai",Kochi Tuskers Kerala,143.17000000000007,173.0,173,173,2.0,2,2,45.0,45,45,0.0,0,0
"Wankhede Stadium, Mumbai",Kolkata Knight Riders,115.64000000000004,137.66666666666666,96,159,7.666666666666667,6,10,42.333333333333336,37,48,1.6666666666666667,1,2
"Wankhede Stadium, Mumbai",Mumbai Indians,130.77999999999997,147.56666666666666,58,215,6.0,1,10,44.9,15,70,1.5,0,4
"Wankhede Stadium, Mumbai",Pune Warriors,110.6700000000001,137.0,137,137,8.0,8,8,37.0,37,37,4.0,4,4
"Wankhede Stadium, Mumbai",Punjab Kings,123.86999999999989,153.25,124,174,6.75,4,10,44.5,22,56,1.0,0,2
"Wankhede Stadium, Mumbai",Rajasthan Royals,138.80999999999986,157.66666666666666,132,184,5.5,0,10,45.5,27,58,1.3333333333333333,0,4
"Wankhede Stadium, Mumbai",Rising Pune Supergiant,131.58000000000007,121.0,121,121,1.0,1,1,56.0,56,56,0.0,0,0
"Wankhede Stadium, Mumbai",Royal Challengers Bangalore,123.47000000000013,148.2,125,161,5.8,1,8,43.2,30,61,1.0,0,2
"Wankhede Stadium, Mumbai",Sunrisers Hyderabad,118.92999999999988,145.5,132,159,7.0,6,8,54.5,51,58,2.0,2,2
"Wankhede Stadium, Mumbai",Sunrisers Hyderabad,200.0,8.0,8,8,2.0,2,2,8.0,8,8,2.0,2,2
"Wankhede Stadium, Mumbai",Mumbai Indians,300.0,9.0,9,9,0.0,0,0,9.0,9,9,0.0,0,0
