venue,innings,bowling_team,strikerate_20,avg_runs_20,min_runs_20,max_runs_20,avg_wickets_20,min_wickets_20,max_wickets_20,avg_runs_6,min_runs_6,max_runs_6,avg_wickets_6,min_wickets_6,max_wickets_6
Arun Jaitley Stadium,1,Chennai Super Kings,123.22999999999988,154.5,147,162,5.5,5,6,41.0,39,43,1.0,1,1
Arun Jaitley Stadium,1,Delhi Capitals,124.78,154.8,115,185,7.4,5,9,44.8,30,57,2.0,0,4
Arun Jaitley Stadium,1,Kolkata Knight Riders,177.95,219.0,219,219,4.0,4,4,57.0,57,57,0.0,0,0
Arun Jaitley Stadium,1,Mumbai Indians,139.1999999999999,174.0,174,174,4.0,4,4,46.0,46,46,2.0,2,2
Arun Jaitley Stadium,1,Rajasthan Royals,179.83999999999992,196.0,196,196,6.0,6,6,62.0,62,62,1.0,1,1
Arun Jaitley Stadium,1,Royal Challengers Bangalore,150.07999999999979,184.0,181,187,4.5,4,5,51.5,44,59,1.5,1,2
Arun Jaitley Stadium,1,Sunrisers Hyderabad,129.96999999999989,158.0,129,187,6.5,5,8,37.0,36,38,2.0,2,2
Arun Jaitley Stadium,2,Delhi Capitals,140.0099999999999,159.0,128,191,5.777777777777778,1,10,58.22222222222222,44,79,1.1111111111111112,0,4
Arun Jaitley Stadium,2,Kolkata Knight Riders,150.23000000000008,185.0,185,185,6.0,6,6,45.0,45,45,1.0,1,1
Arun Jaitley Stadium,2,Mumbai Indians,103.96000000000006,128.0,128,128,9.0,9,9,48.0,48,48,0.0,0,0
Arun Jaitley Stadium,2,Punjab Kings,121.06999999999982,152.5,139,166,6.5,5,8,54.0,48,60,2.0,1,3
Arun Jaitley Stadium,2,Rajasthan Royals,123.41999999999993,121.0,121,121,5.0,5,5,46.0,46,46,2.0,2,2
Arun Jaitley Stadium,3,Kolkata Knight Riders,166.67000000000002,10.0,10,10,1.0,1,1,10.0,10,10,1.0,1,1
Arun Jaitley Stadium,4,Delhi Capitals,116.68,7.0,7,7,1.0,1,1,7.0,7,7,1.0,1,1
Barabati Stadium,1,Chennai Super Kings,184.79999999999998,231.0,231,231,4.0,4,4,38.0,38,38,2.0,2,2
Barabati Stadium,1,Delhi Capitals,141.54000000000002,171.0,171,171,6.0,6,6,47.0,47,47,2.0,2,2
Barabati Stadium,1,Kolkata Knight Riders,112.79000000000005,138.66666666666666,126,149,6.666666666666667,5,8,41.666666666666664,37,49,1.6666666666666667,1,2
Barabati Stadium,1,Pune Warriors,153.96,186.0,186,186,4.0,4,4,33.0,33,33,2.0,2,2
Barabati Stadium,1,Punjab Kings,140.74,170.0,170,170,8.0,8,8,56.0,56,56,2.0,2,2
Barabati Stadium,2,Deccan Chargers,127.10999999999993,156.25,127,173,6.75,5,9,41.25,27,48,1.5,1,3
Barabati Stadium,2,Mumbai Indians,122.28999999999999,142.0,142,142,4.0,4,4,45.0,45,45,0.0,0,0
Barabati Stadium,2,Punjab Kings,144.13000000000005,168.5,150,187,3.5,1,6,50.5,46,55,0.5,0,1
Brabourne Stadium,1,Chennai Super Kings,143.95999999999998,173.0,173,173,8.0,8,8,53.0,53,53,0.0,0,0
Brabourne Stadium,1,Deccan Chargers,143.76000000000013,178.0,178,178,5.0,5,5,53.0,53,53,0.0,0,0
Brabourne Stadium,1,Delhi Capitals,149.26999999999987,186.0,183,189,3.0,2,4,43.5,43,44,0.5,0,1
Brabourne Stadium,1,Kolkata Knight Riders,159.20000000000005,199.0,199,199,6.0,6,6,66.0,66,66,0.0,0,0
Brabourne Stadium,1,Mumbai Indians,129.55000000000004,166.0,155,180,5.0,2,10,46.666666666666664,41,51,1.3333333333333333,0,2
Brabourne Stadium,1,Rajasthan Royals,161.69,206.5,201,212,5.5,4,7,62.5,56,69,1.0,1,1
Brabourne Stadium,1,Royal Challengers Bangalore,121.97000000000008,151.0,151,151,9.0,9,9,45.0,45,45,2.0,2,2
Brabourne Stadium,2,Chennai Super Kings,150.67000000000004,181.0,181,181,5.0,5,5,63.0,63,63,0.0,0,0
Brabourne Stadium,2,Kolkata Knight Riders,135.72000000000008,156.0,156,156,3.0,3,3,57.0,57,57,0.0,0,0
Brabourne Stadium,2,Mumbai Indians,134.72000000000025,159.6,115,208,6.0,3,10,52.6,39,69,1.0,0,2
Brabourne Stadium,2,Punjab Kings,132.49000000000012,164.0,164,164,6.0,6,6,45.0,45,45,1.0,1,1
Brabourne Stadium,2,Rajasthan Royals,137.9000000000001,182.5,175,190,8.0,7,9,54.0,53,55,2.0,2,2
Brabourne Stadium,2,Sunrisers Hyderabad,160.54000000000005,194.0,194,194,7.0,7,7,36.0,36,36,2.0,2,2
Buffalo Park,1,Deccan Chargers,143.80000000000013,178.0,178,178,3.0,3,3,53.0,53,53,0.0,0,0
Buffalo Park,1,Delhi Capitals,89.32,116.0,116,116,10.0,10,10,30.0,30,30,3.0,3,3
Buffalo Park,1,Kolkata Knight Riders,117.22000000000017,148.0,148,148,6.0,6,6,40.0,40,40,2.0,2,2
Buffalo Park,2,Chennai Super Kings,109.93999999999991,100.0,100,100,10.0,10,10,52.0,52,52,3.0,3,3
Buffalo Park,2,Mumbai Indians,105.3699999999999,128.5,118,139,4.5,3,6,31.0,26,36,1.0,0,2
De Beers Diamond Oval,1,Chennai Super Kings,114.7999999999999,140.0,140,140,7.0,7,7,34.0,34,34,1.0,1,1
De Beers Diamond Oval,1,Punjab Kings,134.3999999999999,168.0,168,168,5.0,5,5,52.0,52,52,1.0,1,1
De Beers Diamond Oval,1,Rajasthan Royals,137.38,166.0,166,166,7.0,7,7,42.0,42,42,2.0,2,2
De Beers Diamond Oval,2,Deccan Chargers,116.16999999999973,141.0,113,169,8.5,7,10,37.5,30,45,2.0,2,2
De Beers Diamond Oval,2,Rajasthan Royals,121.46000000000001,141.0,141,141,3.0,3,3,37.0,37,37,2.0,2,2
Dr DY Patil Sports Academy,1,Chennai Super Kings,113.88000000000007,141.0,141,141,6.0,6,6,37.0,37,37,3.0,3,3
Dr DY Patil Sports Academy,1,Deccan Chargers,122.40000000000006,153.0,136,172,6.8,4,9,39.0,27,52,2.6,1,4
Dr DY Patil Sports Academy,1,Delhi Capitals,139.5999999999999,174.5,162,187,6.5,5,8,56.5,50,63,1.5,1,2
Dr DY Patil Sports Academy,1,Kolkata Knight Riders,95.36000000000007,118.0,118,118,7.0,7,7,29.0,29,29,2.0,2,2
Dr DY Patil Sports Academy,1,Mumbai Indians,119.23999999999995,135.5,103,168,7.5,5,10,44.0,40,48,1.0,0,2
Dr DY Patil Sports Academy,1,Pune Warriors,113.26999999999995,140.0,112,160,7.666666666666667,7,8,40.666666666666664,36,49,3.3333333333333335,1,5
Dr DY Patil Sports Academy,1,Rajasthan Royals,131.66000000000014,163.0,163,163,5.0,5,5,42.0,42,42,1.0,1,1
Dr DY Patil Sports Academy,1,Royal Challengers Bangalore,109.96999999999984,133.0,82,184,7.5,5,10,40.5,27,54,2.5,2,3
Dr DY Patil Sports Academy,2,Chennai Super Kings,111.91000000000001,138.0,104,164,8.666666666666666,7,10,32.333333333333336,23,41,1.3333333333333333,1,2
Dr DY Patil Sports Academy,2,Deccan Chargers,102.33999999999996,86.0,86,86,1.0,1,1,33.0,33,33,0.0,0,0
Dr DY Patil Sports Academy,2,Kochi Tuskers Kerala,122.65000000000003,151.0,151,151,6.0,6,6,44.0,44,44,1.0,1,1
Dr DY Patil Sports Academy,2,Kolkata Knight Riders,118.18000000000012,150.0,150,150,7.0,7,7,62.0,62,62,1.0,1,1
Dr DY Patil Sports Academy,2,Mumbai Indians,127.2599999999999,141.4,131,155,7.2,0,10,44.4,31,60,1.8,0,4
Dr DY Patil Sports Academy,2,Pune Warriors,125.61000000000014,148.0,119,190,4.0,2,7,49.0,28,67,0.5,0,1
Dr DY Patil Sports Academy,2,Punjab Kings,137.85999999999993,113.0,113,113,3.0,3,3,44.0,44,44,1.0,1,1
Dr DY Patil Sports Academy,2,Rajasthan Royals,105.04000000000005,104.0,104,104,3.0,3,3,34.0,34,34,0.0,0,0
Dr. Y.S. Rajasekhara Reddy ACA-VDCA Cricket Stadium,1,Chennai Super Kings,119.36000000000003,147.0,147,147,9.0,9,9,41.0,41,41,2.0,2,2
Dr. Y.S. Rajasekhara Reddy ACA-VDCA Cricket Stadium,1,Deccan Chargers,151.99000000000004,193.0,193,193,6.0,6,6,44.0,44,44,2.0,2,2
Dr. Y.S. Rajasekhara Reddy ACA-VDCA Cricket Stadium,1,Delhi Capitals,147.66999999999993,184.0,162,206,6.0,4,8,49.5,45,54,0.5,0,1
Dr. Y.S. Rajasekhara Reddy ACA-VDCA Cricket Stadium,1,Kolkata Knight Riders,144.31999999999988,176.0,176,176,4.0,4,4,43.0,43,43,0.0,0,0
Dr. Y.S. Rajasekhara Reddy ACA-VDCA Cricket Stadium,1,Mumbai Indians,128.49999999999983,157.5,138,177,6.0,3,9,48.0,45,51,1.0,0,2
Dr. Y.S. Rajasekhara Reddy ACA-VDCA Cricket Stadium,1,Punjab Kings,101.67999999999995,124.0,124,124,9.0,9,9,21.0,21,21,2.0,2,2
Dr. Y.S. Rajasekhara Reddy ACA-VDCA Cricket Stadium,1,Rajasthan Royals,101.5999999999999,127.0,127,127,5.0,5,5,35.0,35,35,3.0,3,3
Dr. Y.S. Rajasekhara Reddy ACA-VDCA Cricket Stadium,1,Rising Pune Supergiant,116.59,143.33333333333334,121,172,7.0,6,8,38.0,28,52,1.0,0,2
Dr. Y.S. Rajasekhara Reddy ACA-VDCA Cricket Stadium,1,Sunrisers Hyderabad,132.2800000000002,167.0,167,167,4.0,4,4,40.0,40,40,1.0,1,1
Dr. Y.S. Rajasekhara Reddy ACA-VDCA Cricket Stadium,2,Chennai Super Kings,112.07999999999993,119.0,119,119,10.0,10,10,45.0,45,45,1.0,1,1
Dr. Y.S. Rajasekhara Reddy ACA-VDCA Cricket Stadium,2,Deccan Chargers,118.13999999999992,142.0,142,142,5.0,5,5,29.0,29,29,2.0,2,2
Dr. Y.S. Rajasekhara Reddy ACA-VDCA Cricket Stadium,2,Delhi Capitals,126.10000000000002,130.0,76,163,4.333333333333333,1,8,45.333333333333336,42,50,0.3333333333333333,0,1
Dr. Y.S. Rajasekhara Reddy ACA-VDCA Cricket Stadium,2,Mumbai Indians,113.85000000000004,126.5,126,127,6.5,3,10,40.5,32,49,1.5,1,2
Dr. Y.S. Rajasekhara Reddy ACA-VDCA Cricket Stadium,2,Punjab Kings,136.28000000000011,173.0,173,173,6.0,6,6,44.0,44,44,1.0,1,1
Dr. Y.S. Rajasekhara Reddy ACA-VDCA Cricket Stadium,2,Sunrisers Hyderabad,113.20999999999998,124.4,92,165,6.8,4,10,39.4,25,55,1.8,0,5
Dubai International Cricket Stadium,1,Chennai Super Kings,129.55999999999997,163.42857142857142,141,178,4.857142857142857,3,7,40.714285714285715,31,48,0.7142857142857143,0,2
Dubai International Cricket Stadium,1,Delhi Capitals,154.80999999999997,192.25,166,219,3.25,1,5,56.5,31,77,0.75,0,2
Dubai International Cricket Stadium,1,Mumbai Indians,129.2099999999999,159.75,110,201,6.0,3,9,41.5,22,59,1.75,0,3
Dubai International Cricket Stadium,1,Punjab Kings,132.60000000000002,164.4,124,201,6.6,5,8,44.2,23,58,2.2,0,4
Dubai International Cricket Stadium,1,Rajasthan Royals,131.84000000000006,164.8,140,191,6.0,4,7,44.2,26,55,1.2,1,2
Dubai International Cricket Stadium,1,Royal Challengers Bangalore,137.94999999999987,173.5,115,206,5.5,3,9,53.5,49,63,0.5,0,1
Dubai International Cricket Stadium,1,Sunrisers Hyderabad,122.64999999999985,152.5,126,167,6.0,5,7,47.75,44,53,1.0,0,2
Dubai International Cricket Stadium,2,Chennai Super Kings,112.88999999999989,140.0,133,147,9.0,8,10,39.0,38,40,2.0,2,2
Dubai International Cricket Stadium,2,Delhi Capitals,122.97999999999996,144.0,111,167,6.142857142857143,1,9,45.42857142857143,34,61,2.0,0,3
Dubai International Cricket Stadium,2,Kolkata Knight Riders,124.68999999999991,153.25,131,178,7.0,4,9,43.25,39,49,2.25,0,5
Dubai International Cricket Stadium,2,Mumbai Indians,121.87000000000016,144.25,116,176,5.0,3,8,41.0,30,51,2.0,0,4
Dubai International Cricket Stadium,2,Punjab Kings,117.15999999999988,134.66666666666666,109,181,6.666666666666667,0,10,50.666666666666664,40,60,1.0,0,3
Dubai International Cricket Stadium,2,Rajasthan Royals,137.3499999999998,167.5,156,179,2.5,2,3,52.5,47,58,1.5,1,2
Dubai International Cricket Stadium,2,Royal Challengers Bangalore,127.16000000000008,152.6,127,201,6.0,2,10,38.0,26,48,1.6,1,2
Dubai International Cricket Stadium,2,Sunrisers Hyderabad,128.8000000000001,153.33333333333334,131,180,6.833333333333333,4,10,41.166666666666664,32,54,2.1666666666666665,0,3
Dubai International Cricket Stadium,3,Delhi Capitals,66.67,2.0,2,2,2.0,2,2,2.0,2,2,2.0,2,2
Dubai International Cricket Stadium,3,Mumbai Indians,83.34,5.0,5,5,2.0,2,2,5.0,5,5,2.0,2,2
Dubai International Cricket Stadium,3,Royal Challengers Bangalore,116.68,7.0,7,7,1.0,1,1,7.0,7,7,1.0,1,1
Dubai International Cricket Stadium,4,Mumbai Indians,183.35000000000002,11.0,11,11,0.0,0,0,11.0,11,11,0.0,0,0
Dubai International Cricket Stadium,4,Punjab Kings,88.88,4.0,3,5,0.5,0,1,4.0,3,5,0.5,0,1
Dubai International Cricket Stadium,5,Punjab Kings,137.5,11.0,11,11,1.0,1,1,11.0,11,11,1.0,1,1
Dubai International Cricket Stadium,6,Mumbai Indians,375.0,15.0,15,15,0.0,0,0,15.0,15,15,0.0,0,0
Eden Gardens,1,Chennai Super Kings,128.35000000000005,156.16666666666666,119,202,7.0,5,9,46.0,34,61,1.3333333333333333,0,3
Eden Gardens,1,Deccan Chargers,138.08999999999992,172.0,163,181,5.0,4,6,46.0,46,46,1.0,0,2
Eden Gardens,1,Delhi Capitals,136.47000000000008,160.0,97,200,6.833333333333333,3,9,45.333333333333336,35,50,1.3333333333333333,0,4
Eden Gardens,1,Gujarat Lions,141.44999999999982,172.5,158,187,4.5,4,5,46.5,28,65,2.5,1,4
Eden Gardens,1,Kolkata Knight Riders,115.73,150.21212121212122,81,213,6.454545454545454,1,10,43.696969696969695,15,69,1.393939393939394,0,4
Eden Gardens,1,Mumbai Indians,140.42000000000002,175.83333333333334,137,232,5.666666666666667,2,8,46.5,40,61,1.1666666666666667,0,3
Eden Gardens,1,Pune Warriors,116.56000000000003,150.0,150,150,5.0,5,5,68.0,68,68,0.0,0,0
Eden Gardens,1,Punjab Kings,149.76000000000008,187.2,163,218,5.0,3,8,50.2,40,55,0.8,0,2
Eden Gardens,1,Rajasthan Royals,132.57,163.66666666666666,147,175,7.0,6,8,36.666666666666664,32,46,2.0,1,3
Eden Gardens,1,Rising Pune Supergiant,128.95999999999992,155.0,155,155,8.0,8,8,41.0,41,41,3.0,3,3
Eden Gardens,1,Royal Challengers Bangalore,139.52999999999994,168.0,129,195,5.857142857142857,4,10,50.142857142857146,41,65,1.1428571428571428,0,2
Eden Gardens,1,Sunrisers Hyderabad,133.54,165.6,138,180,6.2,4,8,48.0,40,55,1.0,0,2
Eden Gardens,2,Chennai Super Kings,128.2500000000001,135.0,61,180,4.2,2,10,44.8,33,56,1.6,0,3
Eden Gardens,2,Deccan Chargers,91.83999999999993,112.0,112,112,5.0,5,5,26.0,26,26,3.0,3,3
Eden Gardens,2,Delhi Capitals,128.29999999999984,129.66666666666666,99,161,2.6666666666666665,1,4,46.666666666666664,46,47,0.6666666666666666,0,1
Eden Gardens,2,Kochi Tuskers Kerala,103.31999999999991,126.0,126,126,9.0,9,9,37.0,37,37,3.0,3,3
Eden Gardens,2,Kolkata Knight Riders,131.92999999999998,150.82926829268294,49,204,5.487804878048781,0,10,47.26829268292683,27,74,1.4634146341463414,0,4
Eden Gardens,2,Mumbai Indians,122.15999999999994,145.42857142857142,108,170,6.142857142857143,1,10,40.0,31,53,1.8571428571428572,0,4
Eden Gardens,2,Punjab Kings,133.6500000000001,155.33333333333334,120,184,5.166666666666667,2,9,53.666666666666664,45,76,1.6666666666666667,1,2
Eden Gardens,2,Rajasthan Royals,121.93999999999997,133.66666666666666,85,169,3.5,2,6,41.333333333333336,26,51,1.1666666666666667,0,2
Eden Gardens,2,Rising Pune Supergiant,194.07999999999998,66.0,66,66,2.0,2,2,66.0,66,66,2.0,2,2
Eden Gardens,2,Royal Challengers Bangalore,139.05,172.0,136,203,4.666666666666667,3,6,55.333333333333336,37,68,1.6666666666666667,0,3
Eden Gardens,2,Sunrisers Hyderabad,151.49999999999997,168.0,160,183,6.333333333333333,4,9,54.333333333333336,47,67,1.0,1,1
Feroz Shah Kotla,1,Chennai Super Kings,147.40000000000018,183.33333333333334,178,187,5.333333333333333,5,6,49.333333333333336,46,52,1.6666666666666667,1,2
Feroz Shah Kotla,1,Deccan Chargers,155.19999999999996,194.0,194,194,4.0,4,4,48.0,48,48,1.0,1,1
Feroz Shah Kotla,1,Delhi Capitals,137.91000000000005,165.4090909090909,110,218,5.909090909090909,1,9,46.63636363636363,24,71,1.3181818181818181,0,4
Feroz Shah Kotla,1,Kochi Tuskers Kerala,111.9999999999999,140.0,140,140,6.0,6,6,42.0,42,42,2.0,2,2
Feroz Shah Kotla,1,Kolkata Knight Riders,134.43,164.57142857142858,146,186,7.0,4,9,44.0,29,62,1.8571428571428572,0,3
Feroz Shah Kotla,1,Mumbai Indians,137.45,169.6,95,207,4.8,1,10,45.0,38,54,1.0,0,3
Feroz Shah Kotla,1,Pune Warriors,88.94000000000007,56.0,56,56,3.0,3,3,33.0,33,33,2.0,2,2
Feroz Shah Kotla,1,Punjab Kings,132.5300000000001,155.33333333333334,111,231,6.333333333333333,4,10,54.5,40,70,1.0,0,3
Feroz Shah Kotla,1,Rajasthan Royals,130.25,161.6,132,188,5.4,3,7,43.6,27,52,1.8,1,3
Feroz Shah Kotla,1,Rising Pune Supergiant,131.62999999999988,165.0,162,168,7.5,7,8,51.0,48,54,2.0,2,2
Feroz Shah Kotla,1,Royal Challengers Bangalore,127.88999999999994,157.5,95,191,6.5,5,10,48.0,38,58,1.5,1,2
Feroz Shah Kotla,1,Sunrisers Hyderabad,113.13000000000004,139.66666666666666,114,162,7.333333333333333,7,8,39.666666666666664,29,52,2.0,1,3
Feroz Shah Kotla,2,Chennai Super Kings,111.53999999999985,112.66666666666667,83,144,7.333333333333333,2,10,46.0,32,56,2.3333333333333335,1,4
Feroz Shah Kotla,2,Deccan Chargers,122.44000000000003,149.33333333333334,134,162,6.333333333333333,5,7,37.0,34,39,3.0,3,3
Feroz Shah Kotla,2,Delhi Capitals,136.9299999999999,148.6060606060606,44,202,5.515151515151516,0,10,49.84848484848485,31,73,1.393939393939394,0,4
Feroz Shah Kotla,2,Gujarat Lions,157.58999999999986,182.66666666666666,163,214,4.666666666666667,3,6,43.666666666666664,22,63,2.0,1,3
Feroz Shah Kotla,2,Kolkata Knight Riders,105.8500000000001,131.0,131,131,9.0,9,9,41.0,41,41,1.0,1,1
Feroz Shah Kotla,2,Mumbai Indians,128.26999999999992,132.5,66,179,6.25,1,10,51.75,35,60,2.0,0,5
Feroz Shah Kotla,2,Pune Warriors,141.03999999999974,172.0,172,172,7.0,7,7,49.0,49,49,1.0,1,1
Feroz Shah Kotla,2,Punjab Kings,129.4600000000001,124.0,113,140,2.6666666666666665,1,5,35.333333333333336,28,41,1.6666666666666667,0,4
Feroz Shah Kotla,2,Rajasthan Royals,131.03000000000014,146.0,132,160,3.5,1,6,47.0,39,55,1.0,1,1
Feroz Shah Kotla,2,Royal Challengers Bangalore,141.48000000000008,174.66666666666666,151,194,8.666666666666666,7,10,47.333333333333336,42,51,2.0,2,2
Feroz Shah Kotla,2,Sunrisers Hyderabad,130.4800000000001,154.66666666666666,135,189,6.0,4,8,50.666666666666664,44,62,1.0,1,1
Green Park,1,Delhi Capitals,157.5400000000001,195.0,195,195,5.0,5,5,50.0,50,50,2.0,2,2
Green Park,1,Gujarat Lions,118.39999999999995,148.0,124,172,8.0,8,8,46.5,44,49,2.5,2,3
Green Park,1,Sunrisers Hyderabad,130.57999999999987,154.0,154,154,10.0,10,10,61.0,61,61,0.0,0,0
Green Park,2,Gujarat Lions,155.40999999999997,177.5,158,197,5.0,2,8,55.5,47,64,2.0,2,2
Green Park,2,Kolkata Knight Riders,140.2800000000001,125.0,125,125,4.0,4,4,55.0,55,55,3.0,3,3
Green Park,2,Mumbai Indians,155.7500000000001,173.0,173,173,4.0,4,4,70.0,70,70,1.0,1,1
Himachal Pradesh Cricket Association Stadium,1,Chennai Super Kings,155.95000000000005,192.0,192,192,3.0,3,3,49.0,49,49,1.0,1,1
Himachal Pradesh Cricket Association Stadium,1,Deccan Chargers,139.19999999999996,174.0,174,174,3.0,3,3,43.0,43,43,1.0,1,1
Himachal Pradesh Cricket Association Stadium,1,Delhi Capitals,129.42000000000007,160.66666666666666,141,171,6.0,4,8,38.666666666666664,20,53,1.6666666666666667,0,4
Himachal Pradesh Cricket Association Stadium,1,Mumbai Indians,147.84000000000006,183.0,183,183,8.0,8,8,35.0,35,35,2.0,2,2
Himachal Pradesh Cricket Association Stadium,1,Punjab Kings,130.37999999999982,159.0,120,198,4.5,2,7,41.5,25,58,1.0,0,2
Himachal Pradesh Cricket Association Stadium,1,Royal Challengers Bangalore,183.86999999999986,232.0,232,232,2.0,2,2,30.0,30,30,1.0,1,1
Himachal Pradesh Cricket Association Stadium,2,Chennai Super Kings,121.7699999999999,123.0,123,123,4.0,4,4,43.0,43,43,0.0,0,0
Himachal Pradesh Cricket Association Stadium,2,Deccan Chargers,99.92,116.0,116,116,10.0,10,10,45.0,45,45,2.0,2,2
Himachal Pradesh Cricket Association Stadium,2,Punjab Kings,129.66999999999996,153.85714285714286,121,195,6.714285714285714,4,10,40.857142857142854,21,51,1.5714285714285714,0,3
Holkar Cricket Stadium,1,Kochi Tuskers Kerala,85.70999999999995,97.0,97,97,10.0,10,10,32.0,32,32,3.0,3,3
Holkar Cricket Stadium,1,Mumbai Indians,148.01,186.0,174,198,5.0,4,6,47.5,46,49,0.5,0,1
Holkar Cricket Stadium,1,Punjab Kings,141.76000000000005,177.2,148,245,6.4,4,9,44.8,23,62,1.4,0,3
Holkar Cricket Stadium,1,Royal Challengers Bangalore,93.49000000000005,88.0,88,88,10.0,10,10,47.0,47,47,3.0,3,3
Holkar Cricket Stadium,2,Kochi Tuskers Kerala,153.43999999999983,181.0,181,181,4.0,4,4,49.0,49,49,2.0,2,2
Holkar Cricket Stadium,2,Kolkata Knight Riders,169.54,214.0,214,214,8.0,8,8,58.0,58,58,2.0,2,2
Holkar Cricket Stadium,2,Punjab Kings,176.4200000000001,155.66666666666666,92,199,2.0,0,4,62.333333333333336,39,82,0.6666666666666666,0,1
Holkar Cricket Stadium,2,Rajasthan Royals,154.98000000000002,126.5,98,155,3.0,2,4,60.5,34,87,2.0,2,2
Holkar Cricket Stadium,2,Rising Pune Supergiant,134.47999999999985,164.0,164,164,4.0,4,4,56.0,56,56,2.0,2,2
Holkar Cricket Stadium,2,Royal Challengers Bangalore,168.32000000000014,150.0,150,150,2.0,2,2,62.0,62,62,1.0,1,1
JSCA International Stadium Complex,1,Chennai Super Kings,115.44999999999992,143.5,139,148,8.0,8,8,35.5,29,42,1.0,0,2
JSCA International Stadium Complex,1,Kolkata Knight Riders,125.56999999999985,144.33333333333334,115,170,5.333333333333333,3,9,35.666666666666664,22,43,1.0,1,1
JSCA International Stadium Complex,1,Royal Challengers Bangalore,112.04000000000006,138.0,138,138,4.0,4,4,39.0,39,39,2.0,2,2
JSCA International Stadium Complex,1,Sunrisers Hyderabad,153.13000000000002,185.0,185,185,3.0,3,3,60.0,60,60,1.0,1,1
JSCA International Stadium Complex,2,Chennai Super Kings,128.84999999999985,148.33333333333334,114,189,6.0,4,9,40.0,17,64,1.6666666666666667,0,4
JSCA International Stadium Complex,2,Pune Warriors,132.38000000000005,163.0,163,163,7.0,7,7,33.0,33,33,3.0,3,3
JSCA International Stadium Complex,2,Rajasthan Royals,120.98000000000008,149.0,149,149,5.0,5,5,48.0,48,48,2.0,2,2
JSCA International Stadium Complex,2,Royal Challengers Bangalore,105.45999999999982,128.0,116,140,6.0,5,7,32.5,31,34,1.5,1,2
Kingsmead,1,Chennai Super Kings,156.41000000000008,189.0,189,189,5.0,5,5,59.0,59,59,2.0,2,2
Kingsmead,1,Deccan Chargers,134.02999999999986,169.0,165,173,6.5,6,7,59.0,56,62,1.0,1,1
Kingsmead,1,Delhi Capitals,124.41000000000011,154.0,154,154,3.0,3,3,54.0,54,54,0.0,0,0
Kingsmead,1,Kolkata Knight Riders,103.5999999999999,129.5,101,158,7.5,6,9,46.0,46,46,2.5,1,4
Kingsmead,1,Mumbai Indians,115.85000000000012,144.0,119,168,8.0,7,9,41.0,26,55,0.6666666666666666,0,2
Kingsmead,1,Punjab Kings,129.4199999999999,160.0,116,211,7.75,4,9,48.5,38,57,1.5,0,3
Kingsmead,1,Royal Challengers Bangalore,110.39999999999978,134.0,129,139,8.0,6,10,48.5,45,52,2.0,2,2
Kingsmead,2,Chennai Super Kings,107.19000000000004,131.0,92,169,6.666666666666667,4,8,43.666666666666664,29,69,1.6666666666666667,1,3
Kingsmead,2,Deccan Chargers,122.94000000000021,156.0,156,156,7.0,7,7,50.0,50,50,1.0,1,1
Kingsmead,2,Delhi Capitals,137.14,170.5,161,180,9.5,9,10,55.5,50,61,1.5,1,2
Kingsmead,2,Kolkata Knight Riders,123.99999999999983,150.0,143,157,3.0,1,5,51.5,46,57,0.0,0,0
Kingsmead,2,Punjab Kings,103.54000000000008,97.5,79,116,4.0,1,7,41.5,23,60,2.0,1,3
Kingsmead,2,Rajasthan Royals,101.29,126.0,102,143,8.0,6,10,28.0,26,29,3.3333333333333335,3,4
Kingsmead,2,Royal Challengers Bangalore,127.7499999999998,155.0,137,173,5.0,3,7,39.5,35,44,0.0,0,0
M.Chinnaswamy Stadium,1,Chennai Super Kings,145.92999999999995,159.4,106,205,5.6,2,8,49.8,34,76,1.4,1,3
M.Chinnaswamy Stadium,1,Deccan Chargers,135.31999999999994,170.0,156,184,7.0,6,8,46.0,46,46,1.0,1,1
M.Chinnaswamy Stadium,1,Delhi Capitals,132.64999999999998,165.66666666666666,149,191,6.666666666666667,4,8,44.166666666666664,34,63,1.5,1,2
M.Chinnaswamy Stadium,1,Gujarat Lions,156.1099999999999,191.0,134,248,6.5,3,10,38.5,35,42,2.0,1,3
M.Chinnaswamy Stadium,1,Kolkata Knight Riders,143.29000000000002,175.0,128,205,5.166666666666667,3,7,39.166666666666664,30,53,1.1666666666666667,0,3
M.Chinnaswamy Stadium,1,Mumbai Indians,120.8699999999999,149.22222222222223,107,187,6.111111111111111,4,10,32.77777777777778,24,43,1.7777777777777777,0,3
M.Chinnaswamy Stadium,1,Pune Warriors,178.24999999999994,222.0,181,263,5.0,5,5,59.5,57,62,0.0,0,0
M.Chinnaswamy Stadium,1,Punjab Kings,155.48000000000002,186.0,126,226,5.142857142857143,3,10,48.42857142857143,26,70,1.0,0,3
M.Chinnaswamy Stadium,1,Rajasthan Royals,144.48999999999992,146.75,62,200,6.75,5,8,50.5,31,62,3.0,1,7
M.Chinnaswamy Stadium,1,Royal Challengers Bangalore,133.38,167.14705882352942,89,222,6.352941176470588,2,10,46.8235294117647,23,64,1.1470588235294117,0,4
M.Chinnaswamy Stadium,1,Sunrisers Hyderabad,164.0700000000001,203.66666666666666,166,227,6.666666666666667,4,10,46.666666666666664,44,49,1.3333333333333333,1,2
M.Chinnaswamy Stadium,2,Chennai Super Kings,123.46000000000018,149.25,129,165,7.25,2,10,45.25,38,54,1.25,1,2
M.Chinnaswamy Stadium,2,Deccan Chargers,157.9399999999998,185.0,185,185,5.0,5,5,46.0,46,46,0.0,0,0
M.Chinnaswamy Stadium,2,Delhi Capitals,135.34000000000017,124.0,2,176,5.0,0,9,34.75,2,48,1.0,0,2
M.Chinnaswamy Stadium,2,Gujarat Lions,138.33000000000007,159.0,159,159,6.0,6,6,31.0,31,31,5.0,5,5
M.Chinnaswamy Stadium,2,Kochi Tuskers Kerala,156.1599999999999,128.0,128,128,1.0,1,1,79.0,79,79,1.0,1,1
M.Chinnaswamy Stadium,2,Kolkata Knight Riders,126.55999999999999,122.28571428571429,82,162,5.285714285714286,2,10,42.857142857142854,20,65,2.2857142857142856,1,4
M.Chinnaswamy Stadium,2,Mumbai Indians,133.03000000000003,168.66666666666666,134,191,7.0,5,9,42.333333333333336,33,60,1.3333333333333333,1,2
M.Chinnaswamy Stadium,2,Pune Warriors,150.24000000000012,186.0,186,186,4.0,4,4,42.0,42,42,2.0,2,2
M.Chinnaswamy Stadium,2,Punjab Kings,142.2300000000002,169.6,119,204,6.8,2,10,48.2,34,61,1.8,0,3
M.Chinnaswamy Stadium,2,Rajasthan Royals,127.66000000000003,137.5,93,198,4.75,0,10,56.25,48,64,0.75,0,2
M.Chinnaswamy Stadium,2,Rising Pune Supergiant,135.5899999999998,164.5,134,195,6.0,3,9,44.0,42,46,1.0,0,2
M.Chinnaswamy Stadium,2,Royal Challengers Bangalore,133.09,152.3170731707317,41,207,5.2926829268292686,1,10,47.4390243902439,21,105,1.6585365853658536,0,5
M.Chinnaswamy Stadium,2,Sunrisers Hyderabad,144.4300000000001,149.2,48,200,5.0,3,7,47.8,36,59,1.8,0,3
M.Chinnaswamy Stadium,3,Delhi Capitals,250.01,15.0,15,15,0.0,0,0,15.0,15,15,0.0,0,0
M.Chinnaswamy Stadium,4,Royal Challengers Bangalore,183.34000000000003,11.0,11,11,2.0,2,2,11.0,11,11,2.0,2,2
MA Chidambaram Stadium,1,Chennai Super Kings,128.79000000000005,154.72727272727272,70,211,6.181818181818182,3,10,44.36363636363637,22,67,1.5909090909090908,0,4
MA Chidambaram Stadium,1,Deccan Chargers,126.63,156.33333333333334,144,165,6.0,5,7,41.333333333333336,34,56,1.6666666666666667,1,3
MA Chidambaram Stadium,1,Delhi Capitals,137.03,168.0,112,222,5.571428571428571,4,9,44.714285714285715,27,59,1.2857142857142858,0,3
MA Chidambaram Stadium,1,Kochi Tuskers Kerala,124.63999999999987,152.0,152,152,5.0,5,5,41.0,41,41,2.0,2,2
MA Chidambaram Stadium,1,Kolkata Knight Riders,131.5,163.2,134,200,4.2,3,6,52.4,43,67,0.8,0,2
MA Chidambaram Stadium,1,Mumbai Indians,125.85000000000005,159.83333333333334,112,208,5.333333333333333,4,10,46.833333333333336,32,68,1.5,0,3
MA Chidambaram Stadium,1,Pune Warriors,125.45999999999987,153.0,142,164,5.5,5,6,43.5,42,45,0.0,0,0
MA Chidambaram Stadium,1,Punjab Kings,142.9199999999999,179.75,160,192,3.5,3,4,49.25,36,54,1.0,0,2
MA Chidambaram Stadium,1,Rajasthan Royals,156.06,192.66666666666666,157,246,5.0,5,5,43.666666666666664,29,66,2.0,1,3
MA Chidambaram Stadium,1,Royal Challengers Bangalore,140.6199999999999,173.75,148,205,7.0,5,9,44.75,37,56,0.75,0,2
MA Chidambaram Stadium,1,Sunrisers Hyderabad,157.82000000000005,198.0,187,209,5.0,4,6,49.5,49,50,0.0,0,0
MA Chidambaram Stadium,2,Chennai Super Kings,117.58,148.94117647058823,95,223,6.647058823529412,2,10,47.8235294117647,33,64,1.588235294117647,0,4
MA Chidambaram Stadium,2,Deccan Chargers,129.14000000000007,159.0,159,159,9.0,9,9,34.0,34,34,4.0,4,4
MA Chidambaram Stadium,2,Delhi Capitals,123.76999999999998,115.0,115,115,1.0,1,1,45.0,45,45,0.0,0,0
MA Chidambaram Stadium,2,Kolkata Knight Riders,142.81999999999994,157.6,111,205,3.0,1,5,52.4,35,75,1.2,0,2
MA Chidambaram Stadium,2,Mumbai Indians,111.45000000000002,136.0,109,160,9.0,8,10,40.666666666666664,36,46,2.3333333333333335,2,3
MA Chidambaram Stadium,2,Pune Warriors,110.69999999999987,135.0,135,135,8.0,8,8,38.0,38,38,2.0,2,2
MA Chidambaram Stadium,2,Punjab Kings,113.69999999999986,142.5,136,149,7.5,7,8,45.0,42,48,0.5,0,1
MA Chidambaram Stadium,2,Rajasthan Royals,142.01000000000008,170.75,147,201,4.25,2,7,52.75,43,65,0.75,0,1
MA Chidambaram Stadium,2,Royal Challengers Bangalore,119.54000000000008,143.5,71,208,5.833333333333333,3,8,41.833333333333336,16,56,0.8333333333333334,0,2
MA Chidambaram Stadium,2,Sunrisers Hyderabad,137.75999999999985,168.0,160,176,4.5,4,5,53.5,49,58,0.5,0,1
MA Chidambaram Stadium,3,Punjab Kings,180.0,9.0,9,9,2.0,2,2,9.0,9,9,2.0,2,2
MA Chidambaram Stadium,4,Chennai Super Kings,250.0,10.0,10,10,1.0,1,1,10.0,10,10,1.0,1,1
Maharashtra Cricket Association Stadium,1,Chennai Super Kings,123.03000000000007,153.0,127,179,7.666666666666667,4,10,35.0,29,47,1.6666666666666667,1,3
Maharashtra Cricket Association Stadium,1,Delhi Capitals,150.3999999999999,188.0,165,211,5.5,4,7,48.5,41,56,0.5,0,1
Maharashtra Cricket Association Stadium,1,Gujarat Lions,155.9999999999999,195.0,195,195,3.0,3,3,48.0,48,48,1.0,1,1
Maharashtra Cricket Association Stadium,1,Kolkata Knight Riders,134.77000000000007,165.66666666666666,155,182,6.333333333333333,5,9,45.333333333333336,31,57,1.3333333333333333,0,3
Maharashtra Cricket Association Stadium,1,Mumbai Indians,130.82999999999987,164.0,159,169,5.0,5,5,52.5,51,54,1.0,1,1
Maharashtra Cricket Association Stadium,1,Punjab Kings,126.44000000000005,162.0,162,162,7.0,7,7,35.0,35,35,3.0,3,3
Maharashtra Cricket Association Stadium,1,Rajasthan Royals,153.05000000000007,192.0,180,204,4.5,4,5,55.0,41,69,1.0,1,1
Maharashtra Cricket Association Stadium,1,Rising Pune Supergiant,136.5500000000001,164.0,73,205,6.333333333333333,3,10,50.5,32,62,1.5,0,5
Maharashtra Cricket Association Stadium,1,Royal Challengers Bangalore,127.50000000000007,157.0,157,157,3.0,3,3,43.0,43,43,1.0,1,1
Maharashtra Cricket Association Stadium,2,Chennai Super Kings,137.77000000000015,169.33333333333334,140,198,5.666666666666667,2,10,48.0,35,59,1.6666666666666667,0,3
Maharashtra Cricket Association Stadium,2,Delhi Capitals,106.91999999999993,108.0,108,108,10.0,10,10,50.0,50,50,3.0,3,3
Maharashtra Cricket Association Stadium,2,Gujarat Lions,135.66000000000003,167.0,167,167,5.0,5,5,43.0,43,43,4.0,4,4
Maharashtra Cricket Association Stadium,2,Mumbai Indians,153.33999999999975,187.0,187,187,3.0,3,3,59.0,59,59,1.0,1,1
Maharashtra Cricket Association Stadium,2,Punjab Kings,130.68,141.25,78,169,4.25,1,6,44.0,33,53,1.75,1,3
Maharashtra Cricket Association Stadium,2,Rajasthan Royals,107.1500000000001,136.0,136,136,8.0,8,8,51.0,51,51,3.0,3,3
Maharashtra Cricket Association Stadium,2,Rising Pune Supergiant,134.15000000000018,159.8,96,196,5.8,2,9,52.4,39,72,1.2,0,2
Maharashtra Cricket Association Stadium,2,Royal Challengers Bangalore,114.99000000000007,136.33333333333334,109,172,7.666666666666667,4,10,39.333333333333336,36,42,2.0,1,3
Maharashtra Cricket Association Stadium,2,Sunrisers Hyderabad,151.56000000000012,179.5,179,180,3.0,2,4,54.0,53,55,0.5,0,1
Nehru Stadium,1,Kochi Tuskers Kerala,117.30000000000004,139.0,129,157,6.0,4,7,32.0,20,42,2.0,1,3
Nehru Stadium,1,Kolkata Knight Riders,124.79999999999987,156.0,156,156,5.0,5,5,35.0,35,35,2.0,2,2
Nehru Stadium,1,Royal Challengers Bangalore,130.09000000000012,161.0,161,161,5.0,5,5,61.0,61,61,0.0,0,0
Nehru Stadium,2,Chennai Super Kings,146.8400000000001,135.0,135,135,3.0,3,3,49.0,49,49,1.0,1,1
Nehru Stadium,2,Deccan Chargers,71.77999999999997,74.0,74,74,10.0,10,10,29.0,29,29,6.0,6,6
Nehru Stadium,2,Delhi Capitals,104.51,119.0,119,119,10.0,10,10,37.0,37,37,3.0,3,3
Nehru Stadium,2,Kochi Tuskers Kerala,123.77999999999983,150.5,139,162,5.5,4,7,45.5,43,48,1.0,0,2
New Wanderers Stadium,1,Deccan Chargers,117.59999999999988,147.0,134,160,6.0,5,7,35.0,31,39,2.0,1,3
New Wanderers Stadium,1,Delhi Capitals,114.07999999999993,143.0,123,163,9.0,8,10,45.0,37,53,2.5,2,3
New Wanderers Stadium,1,Royal Challengers Bangalore,114.99999999999984,143.0,134,149,5.5,4,7,36.25,25,52,2.0,0,3
New Wanderers Stadium,2,Chennai Super Kings,124.1700000000001,147.0,145,149,6.0,4,8,54.0,49,59,2.0,2,2
New Wanderers Stadium,2,Deccan Chargers,113.40999999999995,137.0,137,137,9.0,9,9,36.0,36,36,1.0,1,1
New Wanderers Stadium,2,Delhi Capitals,116.22999999999999,135.0,135,135,3.0,3,3,27.0,27,27,1.0,1,1
New Wanderers Stadium,2,Kolkata Knight Riders,125.20999999999995,145.5,125,166,3.5,3,4,48.5,47,50,0.0,0,0
New Wanderers Stadium,2,Mumbai Indians,129.19000000000003,150.0,150,150,1.0,1,1,51.0,51,51,1.0,1,1
New Wanderers Stadium,2,Punjab Kings,107.38000000000008,133.0,133,133,8.0,8,8,46.0,46,46,2.0,2,2
Newlands,1,Chennai Super Kings,136.64,165.0,165,165,7.0,7,7,40.0,40,40,1.0,1,1
Newlands,1,Deccan Chargers,84.8400000000001,101.0,101,101,10.0,10,10,21.0,21,21,3.0,3,3
Newlands,1,Delhi Capitals,136.90999999999988,104.0,104,104,7.0,7,7,67.0,67,67,1.0,1,1
Newlands,1,Kolkata Knight Riders,118.81000000000024,150.0,150,150,6.0,6,6,54.0,54,54,2.0,2,2
Newlands,1,Rajasthan Royals,108.7999999999999,136.0,133,139,7.0,6,8,33.5,29,38,2.5,2,3
Newlands,1,Royal Challengers Bangalore,152.27000000000004,184.0,184,184,6.0,6,6,62.0,62,62,1.0,1,1
Newlands,2,Deccan Chargers,126.76000000000013,160.0,160,160,8.0,8,8,31.0,31,31,2.0,2,2
Newlands,2,Kolkata Knight Riders,130.0,104.0,104,104,2.0,2,2,37.0,37,37,2.0,2,2
Newlands,2,Mumbai Indians,118.54000000000006,146.0,146,146,7.0,7,7,40.0,40,40,2.0,2,2
Newlands,2,Punjab Kings,108.48000000000002,85.0,58,112,3.5,0,7,45.0,32,58,2.0,0,4
Newlands,2,Rajasthan Royals,115.48999999999997,150.0,150,150,8.0,8,8,38.0,38,38,1.0,1,1
Newlands,2,Royal Challengers Bangalore,58.58,58.0,58,58,10.0,10,10,14.0,14,14,2.0,2,2
Newlands,3,Rajasthan Royals,214.28999999999996,15.0,15,15,1.0,1,1,15.0,15,15,1.0,1,1
Newlands,4,Kolkata Knight Riders,450.0,18.0,18,18,0.0,0,0,18.0,18,18,0.0,0,0
OUTsurance Oval,1,Punjab Kings,94.52000000000002,120.0,120,120,9.0,9,9,38.0,38,38,2.0,2,2
OUTsurance Oval,1,Rajasthan Royals,121.1800000000001,150.0,150,150,3.0,3,3,35.0,35,35,2.0,2,2
OUTsurance Oval,2,Delhi Capitals,103.89999999999992,129.5,123,136,6.5,4,9,30.5,24,37,2.5,2,3
"Punjab Cricket Association Stadium, Mohali",1,Chennai Super Kings,127.03000000000009,155.0,130,197,8.0,7,10,53.0,41,75,1.6666666666666667,0,3
"Punjab Cricket Association Stadium, Mohali",1,Delhi Capitals,131.89000000000004,163.0,142,181,7.666666666666667,5,9,47.666666666666664,44,54,2.0,1,3
"Punjab Cricket Association Stadium, Mohali",1,Gujarat Lions,141.16999999999993,175.0,161,189,4.5,3,6,48.0,44,52,0.5,0,1
"Punjab Cricket Association Stadium, Mohali",1,Kolkata Knight Riders,126.18000000000002,157.83333333333334,124,183,7.0,6,9,42.0,35,49,1.3333333333333333,1,2
"Punjab Cricket Association Stadium, Mohali",1,Mumbai Indians,134.65999999999988,167.25,156,182,7.25,3,10,47.75,39,60,1.0,1,1
"Punjab Cricket Association Stadium, Mohali",1,Pune Warriors,98.98999999999992,119.0,119,119,8.0,8,8,34.0,34,34,1.0,1,1
"Punjab Cricket Association Stadium, Mohali",1,Punjab Kings,135.02999999999994,166.15384615384616,67,240,6.0,3,10,46.69230769230769,25,64,1.3461538461538463,0,3
"Punjab Cricket Association Stadium, Mohali",1,Rajasthan Royals,147.93000000000004,184.4,145,221,5.2,3,7,51.4,37,77,0.8,0,1
"Punjab Cricket Association Stadium, Mohali",1,Royal Challengers Bangalore,143.29000000000008,155.75,106,181,5.25,4,6,53.5,41,72,1.75,0,4
"Punjab Cricket Association Stadium, Mohali",1,Sunrisers Hyderabad,153.0299999999998,186.0,179,193,3.5,3,4,48.0,47,49,0.5,0,1
"Punjab Cricket Association Stadium, Mohali",2,Chennai Super Kings,161.6700000000002,191.0,173,207,4.0,4,4,65.33333333333333,63,68,0.6666666666666666,0,1
"Punjab Cricket Association Stadium, Mohali",2,Deccan Chargers,152.51999999999975,186.0,178,194,5.0,4,6,59.0,44,74,1.0,0,2
"Punjab Cricket Association Stadium, Mohali",2,Delhi Capitals,138.1300000000001,129.0,68,167,3.25,0,6,56.5,48,73,1.5,0,2
"Punjab Cricket Association Stadium, Mohali",2,Kolkata Knight Riders,115.19999999999989,144.0,144,144,6.0,6,6,42.0,42,42,2.0,2,2
"Punjab Cricket Association Stadium, Mohali",2,Mumbai Indians,134.7000000000001,162.0,149,177,5.0,2,7,44.75,38,56,1.25,0,2
"Punjab Cricket Association Stadium, Mohali",2,Pune Warriors,133.26999999999995,151.0,116,186,3.0,3,3,46.5,38,55,1.5,1,2
"Punjab Cricket Association Stadium, Mohali",2,Punjab Kings,137.99999999999994,154.8,84,193,5.2,0,10,48.266666666666666,31,65,1.3666666666666667,0,4
"Punjab Cricket Association Stadium, Mohali",2,Rajasthan Royals,116.70999999999981,143.0,134,152,9.0,8,10,54.5,33,76,1.5,1,2
"Punjab Cricket Association Stadium, Mohali",2,Rising Pune Supergiant,134.30999999999995,153.0,153,153,4.0,4,4,50.0,50,50,0.0,0,0
"Punjab Cricket Association Stadium, Mohali",2,Royal Challengers Bangalore,153.77000000000004,170.66666666666666,144,194,3.0,1,4,44.333333333333336,41,50,1.0,0,2
"Punjab Cricket Association Stadium, Mohali",2,Sunrisers Hyderabad,120.33000000000015,145.5,120,181,7.75,4,9,43.5,36,59,1.75,1,3
"Rajiv Gandhi International Stadium, Uppal",1,Chennai Super Kings,131.11000000000007,162.66666666666666,147,192,7.666666666666667,7,8,49.0,26,76,1.3333333333333333,0,2
"Rajiv Gandhi International Stadium, Uppal",1,Deccan Chargers,135.70000000000002,169.83333333333334,126,204,5.333333333333333,4,8,48.333333333333336,41,57,0.8333333333333334,0,1
"Rajiv Gandhi International Stadium, Uppal",1,Delhi Capitals,135.66,168.2,142,191,5.8,4,8,38.2,25,51,1.2,0,2
"Rajiv Gandhi International Stadium, Uppal",1,Kolkata Knight Riders,132.9999999999999,166.25,142,209,6.75,3,9,54.0,36,79,1.25,0,3
"Rajiv Gandhi International Stadium, Uppal",1,Mumbai Indians,108.53999999999992,135.0,113,157,6.5,3,10,36.0,29,43,2.0,1,3
"Rajiv Gandhi International Stadium, Uppal",1,Pune Warriors,107.67999999999984,131.0,126,136,7.0,6,8,44.0,38,50,0.5,0,1
"Rajiv Gandhi International Stadium, Uppal",1,Punjab Kings,138.55999999999997,174.57142857142858,132,212,6.285714285714286,5,8,50.285714285714285,29,77,0.8571428571428571,0,3
"Rajiv Gandhi International Stadium, Uppal",1,Rajasthan Royals,131.49,162.33333333333334,136,214,7.333333333333333,5,9,41.0,21,58,2.3333333333333335,2,3
"Rajiv Gandhi International Stadium, Uppal",1,Rising Pune Supergiant,99.29999999999993,123.5,118,129,8.0,8,8,29.5,27,32,2.5,2,3
"Rajiv Gandhi International Stadium, Uppal",1,Royal Challengers Bangalore,149.24999999999994,173.125,132,231,5.75,2,10,47.25,23,68,1.125,0,3
"Rajiv Gandhi International Stadium, Uppal",1,Sunrisers Hyderabad,121.44000000000005,145.63636363636363,80,223,6.409090909090909,2,10,39.54545454545455,25,61,1.5909090909090908,0,3
"Rajiv Gandhi International Stadium, Uppal",2,Chennai Super Kings,132.09999999999994,153.66666666666666,137,178,6.0,4,8,52.333333333333336,40,68,2.0,1,3
"Rajiv Gandhi International Stadium, Uppal",2,Deccan Chargers,139.26000000000008,160.58333333333334,123,217,4.333333333333333,1,9,46.25,28,73,1.25,0,3
"Rajiv Gandhi International Stadium, Uppal",2,Delhi Capitals,110.82999999999996,120.33333333333333,81,164,5.666666666666667,3,10,47.333333333333336,40,61,0.6666666666666666,0,2
"Rajiv Gandhi International Stadium, Uppal",2,Gujarat Lions,126.42999999999994,134.5,129,140,3.0,1,5,48.5,38,59,1.5,1,2
"Rajiv Gandhi International Stadium, Uppal",2,Kolkata Knight Riders,135.71999999999989,155.75,132,181,4.75,1,7,53.25,41,72,1.25,0,3
"Rajiv Gandhi International Stadium, Uppal",2,Mumbai Indians,114.22999999999996,136.22222222222223,96,153,6.222222222222222,3,10,41.22222222222222,32,56,1.3333333333333333,0,3
"Rajiv Gandhi International Stadium, Uppal",2,Punjab Kings,120.38999999999987,139.33333333333334,127,146,6.0,5,8,46.0,33,65,1.0,0,2
"Rajiv Gandhi International Stadium, Uppal",2,Rajasthan Royals,135.29999999999995,152.0,127,201,3.6666666666666665,1,5,61.333333333333336,57,69,0.3333333333333333,0,1
"Rajiv Gandhi International Stadium, Uppal",2,Rising Pune Supergiant,111.5199999999999,136.0,136,136,9.0,9,9,47.0,47,47,2.0,2,2
"Rajiv Gandhi International Stadium, Uppal",2,Royal Challengers Bangalore,118.71999999999984,145.5,130,161,5.0,3,7,44.0,37,51,1.0,0,2
"Rajiv Gandhi International Stadium, Uppal",2,Sunrisers Hyderabad,129.04000000000005,146.63636363636363,83,211,6.0,1,10,48.04545454545455,27,86,1.1363636363636365,0,4
"Rajiv Gandhi International Stadium, Uppal",3,Royal Challengers Bangalore,285.71,20.0,20,20,0.0,0,0,20.0,20,20,0.0,0,0
"Rajiv Gandhi International Stadium, Uppal",4,Sunrisers Hyderabad,250.01,15.0,15,15,0.0,0,0,15.0,15,15,0.0,0,0
"Sardar Patel Stadium, Motera",1,Chennai Super Kings,145.1399999999998,177.0,177,177,8.0,8,8,58.0,58,58,1.0,1,1
"Sardar Patel Stadium, Motera",1,Delhi Capitals,136.79999999999995,171.0,141,201,6.0,6,6,49.5,47,52,2.0,1,3
"Sardar Patel Stadium, Motera",1,Kolkata Knight Riders,136.31999999999994,169.0,168,170,6.5,6,7,53.0,50,56,1.0,0,2
"Sardar Patel Stadium, Motera",1,Punjab Kings,151.33000000000007,191.0,191,191,6.0,6,6,43.0,43,43,0.0,0,0
"Sardar Patel Stadium, Motera",1,Rajasthan Royals,125.81,156.0,134,178,6.2,3,9,43.4,31,55,1.4,0,2
"Sardar Patel Stadium, Motera",1,Royal Challengers Bangalore,105.5100000000001,130.0,130,130,9.0,9,9,48.0,48,48,2.0,2,2
"Sardar Patel Stadium, Motera",2,Chennai Super Kings,141.36000000000013,157.0,157,157,2.0,2,2,47.0,47,47,0.0,0,0
"Sardar Patel Stadium, Motera",2,Deccan Chargers,155.62000000000003,151.0,151,151,2.0,2,2,54.0,54,54,0.0,0,0
"Sardar Patel Stadium, Motera",2,Mumbai Indians,129.59999999999985,159.0,153,165,5.5,3,8,44.5,42,47,2.0,1,3
"Sardar Patel Stadium, Motera",2,Rajasthan Royals,128.3899999999999,151.42857142857142,134,191,5.285714285714286,1,9,47.0,34,60,1.1428571428571428,0,2
"Sardar Patel Stadium, Motera",2,Sunrisers Hyderabad,82.4600000000001,102.0,102,102,10.0,10,10,37.0,37,37,3.0,3,3
"Sardar Patel Stadium, Motera",3,Rajasthan Royals,214.29,15.0,15,15,2.0,2,2,15.0,15,15,2.0,2,2
"Sardar Patel Stadium, Motera",4,Punjab Kings,150.0,6.0,6,6,2.0,2,2,6.0,6,6,2.0,2,2
Saurashtra Cricket Association Stadium,1,Delhi Capitals,121.03000000000004,149.0,149,149,7.0,7,7,35.0,35,35,3.0,3,3
Saurashtra Cricket Association Stadium,1,Gujarat Lions,147.2500000000001,178.16666666666666,154,213,5.666666666666667,2,10,54.166666666666664,45,64,0.8333333333333334,0,2
Saurashtra Cricket Association Stadium,1,Kolkata Knight Riders,150.05999999999977,183.0,183,183,4.0,4,4,52.0,52,52,1.0,1,1
Saurashtra Cricket Association Stadium,1,Mumbai Indians,118.82000000000002,153.0,153,153,9.0,9,9,48.0,48,48,3.0,3,3
Saurashtra Cricket Association Stadium,1,Sunrisers Hyderabad,109.5800000000001,135.0,135,135,8.0,8,8,50.0,50,50,1.0,1,1
Saurashtra Cricket Association Stadium,2,Gujarat Lions,149.75999999999988,156.0,137,184,3.0,0,10,64.5,61,73,0.25,0,1
Saurashtra Cricket Association Stadium,2,Punjab Kings,118.1099999999999,146.5,131,162,8.0,7,9,43.0,36,50,2.0,2,2
Saurashtra Cricket Association Stadium,2,Rising Pune Supergiant,149.08999999999992,168.0,164,172,3.0,3,3,61.5,61,62,0.0,0,0
Saurashtra Cricket Association Stadium,2,Royal Challengers Bangalore,149.59999999999985,187.0,182,192,5.5,4,7,64.5,57,72,1.5,1,2
Saurashtra Cricket Association Stadium,3,Gujarat Lions,220.0,11.0,11,11,2.0,2,2,11.0,11,11,2.0,2,2
Saurashtra Cricket Association Stadium,4,Mumbai Indians,75.0,6.0,6,6,0.0,0,0,6.0,6,6,0.0,0,0
Sawai Mansingh Stadium,1,Chennai Super Kings,111.3199999999999,138.5,126,151,6.5,6,7,41.0,28,54,2.5,2,3
Sawai Mansingh Stadium,1,Delhi Capitals,135.9000000000001,161.66666666666666,141,191,5.666666666666667,5,6,53.0,51,56,1.0,0,2
Sawai Mansingh Stadium,1,Kolkata Knight Riders,127.11000000000003,160.33333333333334,139,196,5.5,3,8,37.333333333333336,28,48,0.8333333333333334,0,1
Sawai Mansingh Stadium,1,Mumbai Indians,130.73000000000022,170.5,162,179,4.5,3,6,44.5,31,58,1.0,0,2
Sawai Mansingh Stadium,1,Pune Warriors,139.39999999999984,170.0,170,170,4.0,4,4,45.0,45,45,1.0,1,1
Sawai Mansingh Stadium,1,Punjab Kings,140.0499999999999,174.5,158,191,6.0,4,8,60.0,57,63,0.5,0,1
Sawai Mansingh Stadium,1,Rajasthan Royals,125.69999999999996,155.1851851851852,94,196,6.148148148148148,2,10,43.7037037037037,29,61,1.2962962962962963,0,5
Sawai Mansingh Stadium,1,Royal Challengers Bangalore,127.39999999999986,159.25,130,197,4.5,1,6,42.25,30,51,1.0,0,3
Sawai Mansingh Stadium,2,Chennai Super Kings,128.95000000000007,141.0,110,177,5.75,2,10,43.25,24,57,1.75,0,3
Sawai Mansingh Stadium,2,Deccan Chargers,149.88999999999993,169.0,141,197,3.5,2,5,56.0,50,62,0.5,0,1
Sawai Mansingh Stadium,2,Delhi Capitals,134.10999999999987,155.33333333333334,152,159,4.0,1,7,42.333333333333336,21,57,1.0,0,2
Sawai Mansingh Stadium,2,Kochi Tuskers Kerala,129.00999999999996,111.0,111,111,2.0,2,2,38.0,38,38,0.0,0,0
Sawai Mansingh Stadium,2,Mumbai Indians,118.84000000000009,141.6,95,168,5.6,3,8,38.2,18,60,1.8,1,3
Sawai Mansingh Stadium,2,Pune Warriors,134.77999999999977,163.0,144,182,4.5,4,5,43.5,34,53,0.5,0,1
Sawai Mansingh Stadium,2,Punjab Kings,135.71999999999989,155.25,126,170,4.5,1,9,58.75,48,70,1.0,0,3
Sawai Mansingh Stadium,2,Rajasthan Royals,130.19999999999985,139.6,60,193,6.0,0,10,46.1,23,66,1.95,0,4
Sawai Mansingh Stadium,2,Royal Challengers Bangalore,129.70000000000007,160.0,143,173,5.333333333333333,3,7,49.333333333333336,45,55,0.3333333333333333,0,1
Sawai Mansingh Stadium,2,Sunrisers Hyderabad,129.50999999999982,149.0,140,161,3.6666666666666665,2,6,44.333333333333336,30,60,0.6666666666666666,0,1
Shaheed Veer Narayan Singh International Stadium,1,Delhi Capitals,117.15999999999991,144.0,119,163,6.0,4,7,35.0,16,46,1.75,1,3
Shaheed Veer Narayan Singh International Stadium,1,Pune Warriors,128.01000000000005,164.0,164,164,5.0,5,5,37.0,37,37,1.0,1,1
Shaheed Veer Narayan Singh International Stadium,1,Royal Challengers Bangalore,110.39999999999985,138.0,138,138,8.0,8,8,43.0,43,43,2.0,2,2
Shaheed Veer Narayan Singh International Stadium,2,Chennai Super Kings,120.0,120.0,120,120,4.0,4,4,28.0,28,28,2.0,2,2
Shaheed Veer Narayan Singh International Stadium,2,Delhi Capitals,123.21000000000002,144.0,139,149,4.0,4,4,46.0,43,49,1.0,0,2
Shaheed Veer Narayan Singh International Stadium,2,Kolkata Knight Riders,126.96000000000011,137.0,137,137,3.0,3,3,34.0,34,34,2.0,2,2
Shaheed Veer Narayan Singh International Stadium,2,Sunrisers Hyderabad,128.27999999999986,159.0,157,161,4.0,4,4,43.0,37,49,1.0,1,1
Sharjah Cricket Stadium,1,Chennai Super Kings,143.98999999999998,180.5,145,216,6.0,5,7,45.5,37,54,1.5,1,2
Sharjah Cricket Stadium,1,Delhi Capitals,122.22999999999993,152.0,125,179,5.5,4,7,38.0,37,39,1.5,1,2
Sharjah Cricket Stadium,1,Kolkata Knight Riders,170.34000000000006,211.0,194,228,3.0,2,4,52.0,47,57,0.5,0,1
Sharjah Cricket Stadium,1,Mumbai Indians,91.19999999999993,114.0,114,114,9.0,9,9,24.0,24,24,5.0,5,5
Sharjah Cricket Stadium,1,Punjab Kings,137.97000000000008,170.33333333333334,149,191,6.666666666666667,5,9,55.0,54,57,1.6666666666666667,1,3
Sharjah Cricket Stadium,1,Rajasthan Royals,159.64999999999998,203.5,184,223,5.0,2,8,55.5,51,60,1.5,0,3
Sharjah Cricket Stadium,1,Royal Challengers Bangalore,117.99999999999986,147.5,145,150,5.5,4,7,36.0,30,42,2.5,2,3
Sharjah Cricket Stadium,1,Sunrisers Hyderabad,135.4899999999999,167.5,120,208,6.5,5,8,42.25,30,48,1.5,0,2
Sharjah Cricket Stadium,2,Chennai Super Kings,153.51000000000005,150.5,116,185,2.5,0,5,46.5,41,52,1.0,0,2
Sharjah Cricket Stadium,2,Delhi Capitals,138.32000000000008,164.66666666666666,138,210,6.666666666666667,2,10,50.0,41,59,1.0,1,1
Sharjah Cricket Stadium,2,Kolkata Knight Riders,125.59000000000012,149.0,148,150,3.5,2,5,42.5,36,49,0.0,0,0
Sharjah Cricket Stadium,2,Mumbai Indians,129.29999999999993,150.33333333333334,126,174,3.6666666666666665,0,7,47.666666666666664,31,56,0.3333333333333333,0,1
Sharjah Cricket Stadium,2,Punjab Kings,142.26999999999975,173.5,121,226,8.0,6,10,57.0,45,69,2.0,1,3
Sharjah Cricket Stadium,2,Rajasthan Royals,164.15000000000015,196.5,193,200,4.5,3,6,46.0,39,53,1.0,0,2
Sharjah Cricket Stadium,2,Royal Challengers Bangalore,120.1799999999999,136.66666666666666,112,177,5.333333333333333,2,9,52.333333333333336,43,58,0.6666666666666666,0,1
Sharjah Cricket Stadium,2,Sunrisers Hyderabad,124.57999999999984,146.0,146,146,5.0,5,5,47.0,47,47,0.0,0,0
Sheikh Zayed Stadium,1,Chennai Super Kings,130.14000000000004,160.66666666666666,153,167,8.333333333333334,6,10,52.0,51,53,1.3333333333333333,1,2
Sheikh Zayed Stadium,1,Delhi Capitals,137.84999999999988,171.25,152,194,6.0,4,7,37.0,34,40,1.0,0,2
Sheikh Zayed Stadium,1,Kolkata Knight Riders,124.19999999999989,155.25,132,195,5.75,4,9,48.75,40,59,1.25,1,2
Sheikh Zayed Stadium,1,Mumbai Indians,127.5399999999999,159.25,148,164,5.0,4,6,41.0,31,54,1.25,0,2
Sheikh Zayed Stadium,1,Punjab Kings,149.1700000000002,186.66666666666666,164,205,4.666666666666667,4,6,45.333333333333336,25,70,1.3333333333333333,0,2
Sheikh Zayed Stadium,1,Rajasthan Royals,125.77000000000007,150.16666666666666,70,195,5.666666666666667,4,10,45.833333333333336,22,59,1.8333333333333333,1,5
Sheikh Zayed Stadium,1,Royal Challengers Bangalore,97.8299999999999,119.0,84,154,7.0,6,8,27.5,17,38,3.5,3,4
Sheikh Zayed Stadium,1,Sunrisers Hyderabad,130.41000000000003,161.0,131,189,5.0,3,7,48.333333333333336,32,65,1.0,0,2
Sheikh Zayed Stadium,2,Chennai Super Kings,129.59000000000003,138.66666666666666,84,206,5.333333333333333,3,9,39.666666666666664,24,64,3.0,3,3
Sheikh Zayed Stadium,2,Delhi Capitals,136.29999999999993,169.0,166,172,6.5,5,8,46.5,44,49,2.0,1,3
Sheikh Zayed Stadium,2,Kolkata Knight Riders,123.19000000000005,139.0,85,163,5.142857142857143,2,9,46.0,32,58,0.5714285714285714,0,2
Sheikh Zayed Stadium,2,Mumbai Indians,132.7800000000002,157.4,136,196,6.8,2,10,39.4,31,55,2.2,2,3
Sheikh Zayed Stadium,2,Punjab Kings,131.75999999999993,149.66666666666666,109,186,4.666666666666667,1,10,49.0,24,66,1.3333333333333333,0,3
Sheikh Zayed Stadium,2,Rajasthan Royals,127.42999999999982,155.0,152,158,5.0,2,8,41.5,33,50,1.0,1,1
Sheikh Zayed Stadium,2,Royal Challengers Bangalore,119.17000000000003,130.75,71,166,4.25,4,5,45.5,36,53,1.5,1,2
Sheikh Zayed Stadium,2,Sunrisers Hyderabad,120.06000000000009,142.33333333333334,135,147,5.333333333333333,3,7,38.666666666666664,30,52,1.6666666666666667,1,2
Sheikh Zayed Stadium,3,Kolkata Knight Riders,66.67,2.0,2,2,2.0,2,2,2.0,2,2,2.0,2,2
Sheikh Zayed Stadium,3,Rajasthan Royals,183.35000000000002,11.0,11,11,2.0,2,2,11.0,11,11,2.0,2,2
Sheikh Zayed Stadium,4,Kolkata Knight Riders,183.33999999999997,11.0,11,11,0.0,0,0,11.0,11,11,0.0,0,0
Sheikh Zayed Stadium,4,Sunrisers Hyderabad,75.0,3.0,3,3,0.0,0,0,3.0,3,3,0.0,0,0
St George's Park,1,Chennai Super Kings,120.53999999999986,147.0,147,147,5.0,5,5,49.0,49,49,2.0,2,2
St George's Park,1,Delhi Capitals,118.04000000000019,149.0,149,149,7.0,7,7,45.0,45,45,2.0,2,2
St George's Park,1,Kolkata Knight Riders,150.99000000000018,187.0,187,187,6.0,6,6,61.0,61,61,0.0,0,0
St George's Park,1,Punjab Kings,124.27000000000002,153.0,153,153,3.0,3,3,28.0,28,28,1.0,1,1
St George's Park,1,Rajasthan Royals,113.91000000000011,141.0,141,141,5.0,5,5,39.0,39,39,2.0,2,2
St George's Park,1,Royal Challengers Bangalore,134.01999999999992,168.0,157,179,3.5,2,5,57.0,46,68,0.5,0,1
St George's Park,2,Chennai Super Kings,90.58000000000001,87.0,87,87,10.0,10,10,46.0,46,46,2.0,2,2
St George's Park,2,Deccan Chargers,116.43999999999984,142.0,142,142,7.0,7,7,30.0,30,30,3.0,3,3
St George's Park,2,Kolkata Knight Riders,121.97000000000024,154.0,154,154,4.0,4,4,51.0,51,51,2.0,2,2
St George's Park,2,Mumbai Indians,112.63999999999989,129.0,95,151,6.333333333333333,3,9,40.333333333333336,35,47,2.0,2,2
St George's Park,2,Royal Challengers Bangalore,124.82999999999993,150.0,150,150,4.0,4,4,43.0,43,43,2.0,2,2
Subrata Roy Sahara Stadium,1,Delhi Capitals,131.00000000000006,160.0,146,172,3.6666666666666665,2,5,38.666666666666664,28,48,1.3333333333333333,1,2
Subrata Roy Sahara Stadium,1,Mumbai Indians,92.75999999999993,112.0,112,112,8.0,8,8,36.0,36,36,2.0,2,2
Subrata Roy Sahara Stadium,1,Pune Warriors,122.68000000000005,152.8,119,187,5.0,3,9,40.6,25,66,1.1,0,4
Subrata Roy Sahara Stadium,1,Punjab Kings,108.34999999999991,132.5,99,166,7.5,6,9,31.0,24,38,2.0,2,2
Subrata Roy Sahara Stadium,1,Rajasthan Royals,101.47000000000008,125.0,125,125,6.0,6,6,35.0,35,35,1.0,1,1
Subrata Roy Sahara Stadium,2,Chennai Super Kings,116.32999999999984,141.5,127,156,6.0,3,9,51.0,46,56,2.5,1,4
Subrata Roy Sahara Stadium,2,Deccan Chargers,125.9300000000002,159.0,159,159,7.0,7,7,44.0,44,44,2.0,2,2
Subrata Roy Sahara Stadium,2,Kolkata Knight Riders,95.34999999999997,117.33333333333333,102,144,8.666666666666666,8,10,41.0,34,49,1.6666666666666667,1,2
Subrata Roy Sahara Stadium,2,Mumbai Indians,94.22000000000011,119.0,119,119,6.0,6,6,37.0,37,37,1.0,1,1
Subrata Roy Sahara Stadium,2,Pune Warriors,120.60000000000004,128.0,100,148,4.833333333333333,2,9,44.833333333333336,19,61,1.6666666666666667,1,2
Subrata Roy Sahara Stadium,2,Rajasthan Royals,127.47,148.0,148,148,3.0,3,3,64.0,64,64,1.0,1,1
Subrata Roy Sahara Stadium,2,Royal Challengers Bangalore,125.88999999999983,154.0,138,170,9.0,9,9,44.5,39,50,2.0,1,3
Subrata Roy Sahara Stadium,2,Sunrisers Hyderabad,94.82,108.0,108,108,10.0,10,10,41.0,41,41,2.0,2,2
SuperSport Park,1,Deccan Chargers,131.63999999999982,161.5,153,170,6.0,4,8,41.0,33,49,1.5,1,2
SuperSport Park,1,Delhi Capitals,122.75000000000003,156.5,148,165,8.5,8,9,33.5,30,37,2.5,2,3
SuperSport Park,1,Kolkata Knight Riders,146.01000000000005,188.0,188,188,3.0,3,3,54.0,54,54,0.0,0,0
SuperSport Park,1,Mumbai Indians,103.48000000000003,132.0,119,145,7.5,6,9,44.0,37,51,2.5,2,3
SuperSport Park,1,Punjab Kings,169.73999999999992,185.0,185,185,3.0,3,3,57.0,57,57,1.0,1,1
SuperSport Park,1,Rajasthan Royals,111.23999999999998,137.33333333333334,105,164,7.333333333333333,5,10,37.0,29,42,2.6666666666666665,2,3
SuperSport Park,1,Royal Challengers Bangalore,139.7600000000001,173.0,173,173,4.0,4,4,38.0,38,38,2.0,2,2
SuperSport Park,2,Chennai Super Kings,138.46000000000012,163.0,126,189,5.0,3,9,49.0,38,56,1.3333333333333333,1,2
SuperSport Park,2,Deccan Chargers,114.04999999999981,138.0,126,150,6.0,4,8,41.0,41,41,2.0,2,2
SuperSport Park,2,Delhi Capitals,130.48000000000002,150.5,147,154,4.5,4,5,58.5,33,84,1.5,1,2
SuperSport Park,2,Kolkata Knight Riders,142.16000000000014,176.0,176,176,4.0,4,4,46.0,46,46,0.0,0,0
SuperSport Park,2,Mumbai Indians,150.99999999999983,166.0,166,166,6.0,6,6,60.0,60,60,1.0,1,1
SuperSport Park,2,Punjab Kings,117.27999999999986,122.0,122,122,2.0,2,2,42.0,42,42,2.0,2,2
SuperSport Park,2,Royal Challengers Bangalore,121.35000000000002,132.5,107,158,4.5,3,6,47.5,31,64,0.5,0,1
"Vidarbha Cricket Association Stadium, Jamtha",1,Deccan Chargers,121.10999999999987,148.5,138,159,9.0,8,10,51.5,48,55,1.5,1,2
"Vidarbha Cricket Association Stadium, Jamtha",1,Royal Challengers Bangalore,121.9500000000001,151.0,151,151,6.0,6,6,35.0,35,35,3.0,3,3
"Vidarbha Cricket Association Stadium, Jamtha",2,Chennai Super Kings,115.03999999999996,139.0,139,139,4.0,4,4,37.0,37,37,2.0,2,2
"Vidarbha Cricket Association Stadium, Jamtha",2,Deccan Chargers,110.39999999999984,138.0,138,138,10.0,10,10,38.0,38,38,1.0,1,1
"Vidarbha Cricket Association Stadium, Jamtha",2,Rajasthan Royals,124.3800000000002,157.0,157,157,10.0,10,10,52.0,52,52,2.0,2,2
"Wankhede Stadium, Mumbai",1,Chennai Super Kings,135.20000000000013,166.25,112,226,5.666666666666667,4,8,42.5,31,70,1.5,0,4
"Wankhede Stadium, Mumbai",1,Delhi Capitals,138.70999999999998,171.0,92,209,7.5,4,10,49.875,23,84,1.125,0,2
"Wankhede Stadium, Mumbai",1,Gujarat Lions,112.63000000000001,143.0,143,143,8.0,8,8,31.0,31,31,2.0,2,2
"Wankhede Stadium, Mumbai",1,Kochi Tuskers Kerala,144.17000000000013,182.0,182,182,2.0,2,2,44.0,44,44,0.0,0,0
"Wankhede Stadium, Mumbai",1,Kolkata Knight Riders,136.82999999999998,174.0,170,181,4.666666666666667,4,6,47.666666666666664,41,56,0.6666666666666666,0,2
"Wankhede Stadium, Mumbai",1,Mumbai Indians,135.26999999999992,161.83333333333334,67,235,6.233333333333333,1,10,43.13333333333333,25,71,1.5,0,4
"Wankhede Stadium, Mumbai",1,Pune Warriors,148.65000000000003,183.0,183,183,3.0,3,3,48.0,48,48,0.0,0,0
"Wankhede Stadium, Mumbai",1,Punjab Kings,136.68999999999994,170.5,159,186,5.5,3,8,42.5,35,60,1.25,0,3
"Wankhede Stadium, Mumbai",1,Rajasthan Royals,138.51999999999995,173.0,133,197,5.833333333333333,5,8,47.333333333333336,26,57,0.8333333333333334,0,2
"Wankhede Stadium, Mumbai",1,Rising Pune Supergiant,95.84000000000005,121.0,121,121,8.0,8,8,37.0,37,37,4.0,4,4
"Wankhede Stadium, Mumbai",1,Royal Challengers Bangalore,144.00000000000009,180.0,141,213,6.2,5,7,46.8,25,60,1.8,1,3
"Wankhede Stadium, Mumbai",1,Sunrisers Hyderabad,127.1999999999999,159.5,157,162,6.5,5,8,45.0,44,46,1.0,1,1
"Wankhede Stadium, Mumbai",2,Chennai Super Kings,156.59999999999994,174.0,158,190,4.0,1,8,63.0,46,78,0.3333333333333333,0,1
"Wankhede Stadium, Mumbai",2,Deccan Chargers,92.41999999999996,113.0,101,125,6.5,5,8,28.5,26,31,2.5,2,3
"Wankhede Stadium, Mumbai",2,Delhi Capitals,134.44999999999985,164.5,153,176,7.0,5,9,43.5,41,46,3.5,3,4
"Wankhede Stadium, Mumbai",2,Gujarat Lions,141.5999999999999,177.0,177,177,4.0,4,4,56.0,56,56,1.0,1,1
"Wankhede Stadium, Mumbai",2,Kolkata Knight Riders,132.37,136.0,68,180,4.833333333333333,1,10,52.5,26,68,0.6666666666666666,0,2
"Wankhede Stadium, Mumbai",2,Mumbai Indians,125.97000000000001,153.94594594594594,79,195,6.378378378378378,0,10,46.08108108108108,23,90,1.5945945945945945,0,5
"Wankhede Stadium, Mumbai",2,Pune Warriors,92.0399999999999,112.5,101,124,6.0,3,9,29.5,27,32,2.0,1,3
"Wankhede Stadium, Mumbai",2,Punjab Kings,150.06,179.42857142857142,116,223,6.142857142857143,1,10,55.285714285714285,17,100,1.4285714285714286,0,3
"Wankhede Stadium, Mumbai",2,Rajasthan Royals,146.64000000000001,141.0,87,195,7.5,5,10,49.5,28,71,3.0,3,3
"Wankhede Stadium, Mumbai",2,Rising Pune Supergiant,119.59999999999988,149.5,142,157,8.5,8,9,43.0,42,44,2.0,1,3
"Wankhede Stadium, Mumbai",2,Royal Challengers Bangalore,147.81000000000023,176.2,165,196,5.2,4,7,48.6,25,67,1.0,0,2
"Wankhede Stadium, Mumbai",2,Sunrisers Hyderabad,128.70000000000013,150.2,87,184,6.0,2,10,38.0,22,61,2.0,1,3
"Wankhede Stadium, Mumbai",3,Mumbai Indians,200.0,8.0,8,8,2.0,2,2,8.0,8,8,2.0,2,2
"Wankhede Stadium, Mumbai",4,Sunrisers Hyderabad,300.0,9.0,9,9,0.0,0,0,9.0,9,9,0.0,0,0
